key,route,split,record,ias,conf,label,gA_stop,gA_att,gA_rea,gA_enc,gB_stop,gB_att,gB_rea,gB_enc
1001:2,B,test,1001,1.0,0.23106,1,0.0,0.162247,0.003704,-0.185331,0.0,-0.154842,0.003704,0.138391
1002:1,B,test,1002,0.289157,0.335484,1,0.0,0.009241,-0.251103,-0.795697,0.0,0.009241,-0.047865,-0.795697
1004:1,B,dev,1004,0.697917,0.205786,1,0.0,-0.058688,-0.228375,0.027823,0.0,0.146831,-0.376956,0.027823
1005:4,B,dev,1005,0.552941,0.424142,1,0.0,0.096969,0.079417,0.111113,0.0,0.096969,0.056681,0.111113
1010:6,B,dev,1010,0.894737,0.298186,1,0.0,-0.026274,-0.026274,-0.037615,0.0,-0.026274,-0.026274,-0.037615
1012:6,B,dev,1012,0.95,0.432453,1,0.0,0.215679,0.081783,0.027824,0.0,0.215679,0.22944,0.027824
1014:1,B,test,1014,0.951305,0.49478,1,0.0,0.000782,0.000782,-0.238391,0.0,0.000782,0.000782,-0.126271
1015:2,B,test,1015,0.811688,0.484094,1,0.0,-0.015082,0.028513,0.065418,0.0,0.085538,0.028513,0.065418
1015:21,B,test,1015,0.811688,0.424142,0,0.0,0.397658,-0.018137,-0.057826,0.0,0.397658,-0.079417,-0.057826
1017:8,B,test,1017,0.659574,0.439913,0,0.0,0.215122,0.184632,0.184632,0.0,-0.020887,-0.007454,-0.058184
1019:7,B,dev,1019,0.552941,0.404651,0,0.0,0.224906,0.257831,-0.075734,0.0,0.224906,0.257831,0.814774
1020:10,B,test,1020,0.0,0.092666,1,0.0,0.053766,0.006695,-0.07219,0.0,0.259286,0.049769,-0.072189
1023:6,B,dev,1023,0.548387,0.432453,0,0.0,-0.047773,-0.00176,-0.010099,0.0,-0.047773,0.001085,-0.010099
1026:1,B,dev,1026,0.578947,0.432453,1,0.0,0.061457,0.080618,0.0,0.0,0.061457,-0.136095,0.0
1031:1,B,dev,1031,0.555556,0.092668,1,0.0,-0.089178,-0.11143,0.093385,0.0,-0.089178,0.13219,-0.273309
1032:9,B,dev,1032,1.0,0.490292,1,0.0,0.01718,0.021926,0.019022,0.0,0.01718,0.023377,0.01718
1034:2,B,dev,1034,0.697917,0.205787,0,0.0,-0.03049,-0.051845,0.08651,0.0,-0.03049,-0.051845,0.08651
1034:5,B,dev,1034,0.697917,0.380797,1,0.0,-0.143607,0.007467,-0.298449,0.0,0.129697,-0.114763,0.04913
1041:5,B,test,1041,0.552941,0.446597,0,0.0,-0.037297,-0.050603,0.44954,0.0,-0.106464,-0.056572,0.44954
1042:10,B,dev,1042,0.62766,0.380796,1,0.0,0.041947,0.041947,0.031696,0.0,0.041947,0.041947,0.031696
1042:4,B,dev,1042,0.62766,0.205784,1,0.0,0.057826,0.075735,0.075735,0.0,0.057826,0.075735,0.075735
1043:1,B,test,1043,0.548387,0.432454,1,0.0,0.218356,0.078043,0.025274,0.0,0.025274,0.156085,0.226668
1043:7,B,test,1043,0.548387,0.122462,1,0.0,-0.043272,0.080955,-0.197663,0.0,0.31709,0.04341,-0.207762
1044:7,B,test,1044,0.808081,0.351953,1,0.0,-0.054429,-0.236993,-0.174575,0.0,-0.267959,-0.078998,-0.174575
1046:10,B,dev,1046,0.818182,1e-06,0,0.0,0.286365,0.199849,0.223705,0.0,0.286365,0.112426,0.223705
1051:2,B,dev,1051,0.5,0.179176,1,0.0,0.083328,-0.049128,-0.146168,0.0,0.083328,-0.049128,-0.146168
1051:5,B,dev,1051,0.5,0.404651,1,0.0,0.014143,0.014143,-0.096969,0.0,0.014143,-0.084796,-0.463661
1054:4,B,dev,1054,0.12963,0.031211,1,0.0,2e-06,-0.030967,2e-06,0.0,2e-06,-0.030967,2e-06
1054:6,B,dev,1054,0.12963,0.487568,1,0.0,0.003984,0.002317,0.002317,0.0,0.003984,0.002317,0.002317
1055:15,B,dev,1055,0.516129,0.490292,1,0.0,0.013526,0.01838,0.01738,0.0,0.013526,0.01838,0.01738
1055:4,B,dev,1055,0.516129,0.479668,1,0.0,0.11072,0.072189,0.094643,0.0,0.11072,0.072189,0.094643
1055:6,B,dev,1055,0.516129,0.39331,1,0.0,0.119008,0.030015,0.051879,0.0,0.119008,-0.058977,0.051879
1059:12,B,dev,1059,0.964912,0.231059,1,0.0,-0.286366,-0.186207,0.348783,0.0,-0.246091,-0.187465,-0.14797
105:2,B,dev,105,0.607595,0.205787,1,0.0,0.339474,0.26796,-0.37774,0.0,0.339474,0.26796,-0.168881
1061:6,B,dev,1061,0.763441,0.179179,1,0.0,0.0,-0.089321,-0.083326,0.0,0.0,-0.178641,-0.384964
1063:1,B,dev,1063,0.851485,0.205787,1,0.0,0.027825,0.086512,0.117003,0.0,0.17918,0.138126,0.117003
1065:0,B,dev,1065,0.833333,2e-06,1,0.0,-0.08261,-0.053766,-0.106464,0.0,-0.08261,-0.053766,-0.106464
1067:11,B,test,1067,0.875,0.317574,1,0.0,-0.266977,-0.097888,0.053766,0.0,-0.266977,-0.146831,-0.043272
1067:2,B,test,1067,0.875,0.179177,1,0.0,-0.058183,-0.020887,0.022385,0.0,-0.058183,-0.020887,0.022385
1067:9,B,test,1067,0.875,0.2773,1,0.0,-0.199849,-0.12528,-0.138391,0.0,-0.199849,-0.199849,0.067128
106:4,B,dev,106,1.0,0.380797,1,0.0,-0.05443,0.065657,0.129698,0.0,0.071515,0.065657,0.129698
1071:1,B,dev,1071,0.894737,0.298188,1,0.0,-0.030966,-0.030967,-0.21353,0.0,-0.030966,0.133093,-0.21353
1072:0,B,test,1072,0.552941,0.122455,1,0.0,0.213531,0.151986,-0.229443,0.0,-0.027822,0.090442,-0.229443
1076:6,B,dev,1076,0.96,0.446597,1,0.0,0.090876,0.099878,0.085538,0.0,0.090876,0.099878,0.085538
1077:2,B,test,1077,0.578947,0.317575,1,0.0,0.0,-0.638089,-0.857327,0.0,-0.866125,-0.408498,-0.112121
1079:11,B,test,1079,0.789474,0.484094,1,0.0,-0.040972,-0.009202,-0.020318,0.0,-0.027447,-0.025245,-0.0
1079:6,B,test,1079,0.789474,0.497817,1,0.0,-0.00241,-0.006917,0.520227,0.0,-0.00241,-0.006917,0.806588
1080:1,B,dev,1080,0.8,0.367037,1,0.0,0.043271,-0.010533,-0.192736,0.0,0.043271,-0.101635,0.062659
1083:16,B,dev,1083,0.728814,0.205787,1,0.0,0.026608,0.236972,0.0,0.0,0.205785,0.328243,0.205784
1083:9,B,dev,1083,0.728814,0.092663,1,0.0,0.138397,0.040296,0.026275,0.0,0.138397,0.095126,0.026275
1086:11,B,dev,1086,0.894737,0.351952,1,0.0,-0.071778,-0.008063,-0.081877,0.0,-0.071778,-0.081877,-0.081877
108:2,B,test,108,0.747059,0.254916,1,0.0,0.175726,0.037081,0.083324,0.0,-0.060283,0.132455,0.083324
1096:0,B,test,1096,0.779412,0.335484,1,0.0,-0.092401,-0.16349,-0.175726,0.0,0.095122,-0.238459,-0.175726
1097:3,B,dev,1097,0.811688,0.092668,1,0.0,-0.384423,-0.307369,-0.289778,0.0,-0.060281,-0.064756,-0.331135
1098:9,B,dev,1098,0.792079,0.446596,1,0.0,-0.034461,-0.036838,-0.020121,0.0,-0.025459,-0.031461,-0.020121
1101:9,B,dev,1101,0.289157,0.446597,0,0.0,-0.023853,-0.001906,-0.077115,0.0,-0.023853,0.125881,-0.077115
1102:5,B,dev,1102,0.469388,0.432453,0,0.0,-0.025459,-0.005338,-0.180615,0.0,-0.025459,-0.033851,-0.180615
1106:7,B,test,1106,0.951807,0.092667,1,0.0,-0.138391,-0.162247,-0.138391,0.0,-0.138391,-0.162247,0.154843
1107:8,B,test,1107,0.779412,0.474043,0,0.0,-0.0,0.002666,0.002666,0.0,-0.0,0.002666,0.002666
1110:5,B,dev,1110,0.763441,0.254915,0,0.0,-0.067128,0.176415,-0.104424,0.0,-0.067128,0.0,0.1086
1111:4,B,dev,1111,0.26,0.414901,1,0.0,0.298185,0.031209,0.179178,0.0,0.062176,0.031209,0.317572
1114:9,B,dev,1114,0.578947,0.393309,0,0.0,0.0,-0.035358,-0.116009,0.0,0.0,-0.116009,-0.116009
1115:10,B,dev,1115,0.9,0.09267,1,0.0,-0.10356,-1e-06,0.028895,0.0,-0.10356,0.071176,0.028895
1116:13,B,dev,1116,0.911765,0.432453,1,0.0,0.191681,0.060762,0.202996,0.0,-0.075737,0.060762,0.022384
1121:3,B,dev,1121,0.851485,0.179177,1,0.0,-0.00924,-1e-06,0.01025,0.0,-0.00924,-1e-06,0.01025
1121:6,B,dev,1121,0.851485,0.2773,1,0.0,-0.0,0.01025,0.01025,0.0,-0.0,0.01025,0.062948
1124:6,B,dev,1124,0.789474,0.457912,1,0.0,0.059143,0.016131,0.069393,0.0,0.059143,0.016131,0.069393
1131:6,B,test,1131,0.576271,0.439914,1,0.0,0.080568,-0.074564,0.159985,0.0,0.080568,-0.093546,0.159985
1134:3,B,dev,1134,0.290909,0.062175,1,0.0,0.111789,0.091889,0.040275,0.0,0.111789,0.040275,0.040275
1136:4,B,dev,1136,0.713043,0.151356,0,0.0,0.210387,0.256585,0.477365,0.0,-0.098121,0.100589,-0.09812
1139:12,B,dev,1139,0.811688,0.254914,1,0.0,-0.011316,0.022455,0.006683,0.0,-0.011316,0.022455,0.006683
1139:2,B,dev,1139,0.811688,0.457912,1,0.0,0.021421,0.013406,0.01718,0.0,0.021421,0.013406,0.01718
1139:8,B,dev,1139,0.811688,0.485936,1,0.0,-0.003077,-0.007371,-0.007371,0.0,-0.003077,-0.007371,-0.007371
1139:9,B,dev,1139,0.811688,0.335483,1,0.0,0.03022,0.03022,0.016076,0.0,0.03022,0.03022,0.016076
113:1,B,dev,113,0.953846,0.298187,1,0.0,0.119009,0.146834,0.175728,0.0,0.119009,0.247736,0.477364
1144:4,B,dev,1144,0.5,0.277301,0,0.0,0.061457,0.030491,0.061459,0.0,0.061457,-0.172748,0.061459
1145:3,B,test,1145,1.0,0.17918,1,0.0,-0.498125,-0.153668,-0.153668,0.0,-0.093384,-0.094448,-0.153668
1149:8,B,dev,1149,0.911765,0.414902,1,0.0,-0.092401,-0.038966,0.148409,0.0,0.082609,-0.156805,0.148409
114:4,B,test,114,0.5,0.367037,1,0.0,0.146166,0.02885,0.111788,0.0,0.146166,0.02885,0.111788
1154:4,B,dev,1154,0.811688,0.092664,0,0.0,0.212002,-0.03452,-0.254917,0.0,-0.075736,0.079725,-0.254917
1163:0,B,test,1163,0.552941,0.151353,1,0.0,0.108599,-0.096517,-0.149739,0.0,-0.267442,-0.040578,-0.264333
1164:2,B,test,1164,0.789474,0.205787,1,0.0,0.05869,-0.087848,-0.079701,0.0,0.05869,-0.041981,-0.079701
1166:6,B,dev,1166,0.728814,0.351952,0,0.0,-0.01025,0.0,0.009241,0.0,-0.01025,0.0,0.009241
1166:8,B,dev,1166,0.728814,0.205784,0,0.0,-0.031552,-0.049461,-0.031552,0.0,-0.031552,-0.049461,-0.031552
1167:4,B,test,1167,0.582609,0.351954,1,0.0,-0.091251,0.204607,0.108597,0.0,0.195113,0.056635,0.108597
1169:8,B,dev,1169,0.591398,0.09267,1,0.0,-0.229495,-0.050747,0.353512,0.0,-0.229495,-0.050747,0.353512
1173:4,B,dev,1173,0.552941,0.122461,1,0.0,0.093386,-0.046871,-0.089177,0.0,-0.117001,-0.046871,-0.089177
1174:0,B,test,1174,0.775281,0.42414,1,0.0,-0.045726,0.021054,-0.034995,0.0,-0.042207,-0.040872,-0.03644
1174:5,B,test,1174,0.775281,0.317576,0,0.0,0.721352,0.43684,0.710728,0.0,0.353516,0.43684,0.710728
1179:1,B,test,1179,0.64,0.367035,1,0.0,0.00746,0.025012,0.072878,0.0,0.00746,0.025012,0.072878
1180:2,B,dev,1180,0.597951,0.424142,1,0.0,0.143609,0.237212,0.31862,0.0,0.143609,0.213279,0.31862
1186:3,B,dev,1186,0.8125,0.351953,1,0.0,0.097038,0.097038,-0.377372,0.0,0.097038,-0.009876,0.06266
1188:1,B,test,1188,0.886364,0.446596,1,0.0,-0.0,-0.016881,-0.018326,0.0,-0.0,-0.016881,-0.018326
118:3,B,test,118,0.947368,0.380796,0,0.0,0.02944,0.02944,-0.028432,0.0,0.02944,0.02944,0.034995
1191:6,B,test,1191,0.96,0.298188,1,0.0,-0.444621,-0.35951,-0.323725,0.0,-0.590969,-0.306478,-0.323725
1192:10,B,dev,1192,0.811688,0.482014,1,0.0,0.022385,0.155677,-0.023856,0.0,0.022385,0.155677,-0.132455
1192:6,B,dev,1192,0.811688,0.367036,1,0.0,0.0,0.05443,-0.028894,0.0,0.0,0.151874,0.146831
1199:0,B,dev,1199,0.808081,0.179181,1,0.0,-0.086511,-0.030481,-0.184631,0.0,-0.086511,-0.138388,-0.347247
11:2,B,dev,11,0.953846,0.205787,0,0.0,-0.184635,-0.027697,-3e-06,0.0,0.16888,-0.027697,-3e-06
1200:6,B,dev,1200,0.947368,0.231056,0,0.0,0.072686,0.069693,0.074534,0.0,-0.030832,-0.068002,0.069166
1202:2,B,test,1202,0.851485,0.351952,1,0.0,0.03413,0.027446,0.01613,0.0,0.03413,0.027446,0.01613
1202:4,B,test,1202,0.851485,0.205784,0,0.0,-0.011342,-0.069167,-0.087077,0.0,-0.011342,-0.069167,-0.087077
1205:2,B,dev,1205,0.953846,0.335484,1,0.0,-0.125944,0.127349,0.146841,0.0,-0.125944,0.127349,0.146841
1207:13,B,test,1207,0.867925,0.205787,1,0.0,-0.520226,0.02186,-0.455354,0.0,0.199846,0.162604,0.304271
120:3,B,dev,120,0.867925,0.062176,0,0.0,-0.06885,-0.107139,-0.031553,0.0,-0.244577,-0.049462,-0.031553
1210:1,B,dev,1210,0.576271,0.414901,1,0.0,-0.089178,0.017029,0.229441,0.0,-0.089178,0.017029,-0.089178
1211:2,B,dev,1211,0.894737,0.351954,1,0.0,0.320742,0.240232,-0.123876,0.0,0.320742,0.194101,-1e-06
1211:4,B,dev,1211,0.894737,0.254916,1,0.0,0.166219,0.185954,0.06266,0.0,0.440033,0.358751,0.040274
1212:3,B,test,1212,0.228261,5e-06,1,0.0,0.087077,0.149291,0.037616,0.0,0.087077,0.017378,0.037616
1217:0,B,test,1217,1.0,0.380797,1,0.0,-0.114961,-0.13143,-0.435701,0.0,-0.020317,-0.170219,-0.435701
1218:2,B,test,1218,0.469388,0.457912,1,0.0,0.184127,0.306555,-0.518389,0.0,-0.089178,0.306555,-0.518389
1219:6,B,dev,1219,0.608696,0.205783,1,0.0,-0.15945,-0.075806,0.040275,0.0,-0.1451,-0.088008,-0.140339
1220:8,B,test,1220,0.516129,0.477023,1,0.0,0.015083,0.028844,0.041356,0.0,0.015083,-0.067199,-0.172773
1222:12,B,dev,1222,0.62766,0.231059,1,0.0,0.179178,0.059726,-0.03121,0.0,0.0,0.059726,-0.03121
1222:13,B,dev,1222,0.62766,0.367036,1,0.0,-0.023857,0.066795,0.080568,0.0,0.097038,0.021469,0.080568
1223:10,B,test,1223,0.576271,0.17918,1,0.0,-0.622126,-0.351806,-0.029792,0.0,-0.619988,-0.608772,0.213023
1223:6,B,test,1223,0.576271,0.254914,1,0.0,1e-06,0.0,0.015083,0.0,1e-06,0.0,0.015083
1224:11,B,dev,1224,0.821429,0.482014,1,0.0,-0.027,-0.009294,-0.034461,0.0,0.010109,-0.009294,0.007129
1224:3,B,dev,1224,0.821429,0.277301,1,0.0,-0.2811,-0.307953,-0.341954,0.0,-0.281099,-0.054073,0.428653
1228:6,B,dev,1228,0.5,0.335482,0,0.0,-0.020121,-0.013462,-0.020121,0.0,-0.020121,-0.005978,-0.020121
1236:1,B,dev,1236,0.875,0.380797,1,0.0,-0.022385,0.116009,-0.2773,0.0,0.12735,-0.174102,-0.046242
1239:12,B,test,1239,0.607595,0.2773,1,0.0,-0.062176,0.0,0.03049,0.0,0.117002,0.0,0.143608
123:4,B,test,123,0.228261,0.179178,0,0.0,-0.06266,-0.040275,-0.0,0.0,-0.111789,-0.040275,-0.0
123:5,B,test,123,0.228261,0.49929,0,0.0,-0.003577,9e-06,-0.00144,0.0,0.000697,-9.8e-05,-0.000895
1241:1,B,dev,1241,0.789474,0.380797,1,0.0,0.075734,-0.099352,-0.69837,0.0,-0.086515,-0.032487,-0.69837
1244:7,B,test,1244,0.64,0.404651,1,0.0,0.020885,-0.099967,-0.071515,0.0,0.020885,0.127349,-0.184633
1246:3,B,test,1246,0.747059,0.462673,0,0.0,-0.038234,-0.041589,-0.03022,0.0,-0.038234,0.269062,-0.03022
1248:1,B,test,1248,0.12963,0.231058,1,0.0,-0.009241,0.047866,0.062949,0.0,-0.009241,0.047866,0.062949
124:9,B,dev,124,0.811688,0.367036,1,0.0,-0.025273,0.080596,0.120894,0.0,-0.025273,0.040299,0.023856
1250:8,B,test,1250,0.62766,0.031212,0,0.0,0.41187,0.16179,0.352728,0.0,0.273308,0.151273,0.352728
1255:12,B,dev,1255,0.777778,0.205785,1,0.0,-0.223705,-0.162481,-0.103559,0.0,-0.223705,-0.254914,-0.317089
1256:13,B,test,1256,0.5,0.205786,0,0.0,0.267961,0.410048,0.154844,0.0,0.267961,0.236641,-0.215122
1256:2,B,test,1256,0.5,0.439913,1,0.0,0.047773,0.047773,0.047773,0.0,0.047773,0.047773,0.047773
1259:5,B,test,1259,0.875,0.457912,1,0.0,0.015771,-0.33278,0.028432,0.0,0.015771,-0.285487,0.028432
125:3,B,dev,125,0.62766,0.092668,1,0.0,0.09125,-0.04562,0.029793,0.0,0.09125,-0.083325,0.029793
1261:9,B,test,1261,0.747059,0.446597,1,0.0,-0.088658,-0.013549,-0.072189,0.0,-0.088658,-0.042869,-0.072189
1262:6,B,dev,1262,0.9,0.254916,1,0.0,-0.122458,-0.314003,-0.179179,0.0,-0.351953,-0.021912,-0.205784
1263:5,B,dev,1263,0.811688,0.317575,0,0.0,-0.187524,-0.129698,0.083326,0.0,0.05443,0.032179,0.083326
1265:2,B,dev,1265,0.813559,0.491423,1,0.0,0.00898,0.011326,-0.08989,0.0,0.00898,0.011326,-0.08989
1265:4,B,dev,1265,0.813559,0.477023,0,0.0,-0.0,0.03903,-0.0,0.0,-0.0,0.0,-0.0
1278:0,B,test,1278,0.964912,0.351953,1,0.0,0.058688,0.020573,-0.154842,0.0,0.029793,-0.124714,0.138391
1281:6,B,test,1281,0.455696,0.351951,0,0.0,0.434233,0.322607,0.117003,0.0,0.089179,0.361817,0.342476
1285:8,B,dev,1285,0.592593,0.482014,1,0.0,0.0,-0.011687,-0.005625,0.0,0.0,0.002346,-0.005625
1289:1,B,dev,1289,0.125,0.179178,0,0.0,0.043344,-0.045314,-0.028845,0.0,0.043344,-0.045314,-0.028845
1289:3,B,dev,1289,0.125,0.092665,0,0.0,-0.040275,-0.086516,-0.040275,0.0,-0.040275,-0.086516,-0.166219
128:3,B,dev,128,0.571429,0.092667,1,0.0,0.0,0.0,0.026607,0.0,0.0,0.0,0.026607
128:8,B,dev,128,0.571429,0.432453,1,0.0,-0.037615,0.546214,0.546214,0.0,0.215681,0.351604,0.546214
1292:5,B,dev,1292,0.2,0.414901,1,0.0,0.018114,0.003774,-0.0,0.0,0.018114,0.003774,-0.0
1293:13,B,dev,1293,0.728814,0.092666,0,0.0,0.0,-0.026606,-0.05443,0.0,0.0,-0.026606,-0.05443
1293:7,B,dev,1293,0.728814,0.122458,0,0.0,-0.072189,-0.088658,-0.072189,0.0,-0.072189,-0.088658,-0.072189
1294:6,B,test,1294,0.867925,0.404651,1,0.0,-0.868366,-0.096043,-0.288129,0.0,-0.175012,-0.192086,-0.063222
1296:0,B,test,1296,0.555556,0.231059,1,0.0,0.286123,-0.286366,-0.246091,0.0,-0.174576,-0.286366,-0.246091
129:0,B,dev,129,0.747059,0.062177,0,0.0,-0.075737,-0.148614,0.169228,0.0,-0.075737,-0.04913,0.169228
12:3,B,dev,12,0.228261,0.335486,1,0.0,-0.323721,0.104423,-0.73003,0.0,-0.323721,-0.007404,-0.693734
1303:4,B,dev,1303,0.571429,0.03121,1,0.0,0.20162,0.339978,0.045314,0.0,0.412007,0.258339,0.045314
1304:1,B,test,1304,0.951807,0.151357,1,0.0,-0.05443,-0.220252,0.182564,0.0,-0.05443,-0.223488,0.058689
1304:10,B,test,1304,0.951807,0.470688,1,0.0,0.057106,-0.089736,-0.089736,0.0,-0.068849,0.008159,0.057106
1304:4,B,test,1304,0.951807,0.062179,1,0.0,0.168883,0.251865,0.079705,0.0,0.168883,0.231058,0.079705
1305:2,B,test,1305,0.9,0.317575,0,0.0,-0.273812,-0.05869,0.05443,0.0,-0.058688,-0.05869,0.05443
1307:1,B,test,1307,0.608696,0.17918,0,0.0,0.199847,0.590784,0.323723,0.0,0.728587,0.207863,0.323723
1309:7,B,dev,1309,0.964912,0.485936,1,0.0,0.068848,0.134266,0.125954,0.0,-0.119008,0.134266,0.125954
130:7,B,dev,130,0.903226,0.122461,0,0.0,0.067128,-0.045821,-0.529244,0.0,0.162251,-0.22682,0.201396
1310:1,B,dev,1310,0.763441,0.317576,1,0.0,0.0,0.117001,-0.093385,0.0,0.192737,0.169103,-0.093385
1312:1,B,dev,1312,0.894737,0.39331,1,0.0,0.335823,0.335822,-0.210387,0.0,0.335823,0.335822,0.061459
1315:12,B,test,1315,0.911765,0.298188,1,0.0,-0.330531,-0.031863,0.054429,0.0,0.0,-0.302706,0.054429
1315:6,B,test,1315,0.911765,0.351954,1,0.0,0.125944,0.184127,0.184127,0.0,0.125944,0.184127,0.184127
1320:11,B,dev,1320,0.894737,0.231059,1,0.0,0.098122,0.312869,0.532215,0.0,0.098122,0.312869,0.369967
1323:6,B,test,1323,0.4,0.367035,0,0.0,-0.034461,-0.034461,-0.01434,0.0,-0.034461,-0.034461,-0.01434
1324:6,B,test,1324,0.591398,0.39331,1,0.0,0.138387,-0.163043,0.205515,0.0,0.138387,0.090165,0.205515
1325:11,B,dev,1325,0.713043,0.474043,1,0.0,-0.791616,-0.020832,-0.041589,0.0,-0.049901,-0.390064,-0.972873
1325:3,B,dev,1325,0.713043,1e-06,1,0.0,0.184634,2e-06,-0.089735,0.0,0.184634,0.143417,-0.089735
1325:8,B,dev,1325,0.713043,0.462673,1,0.0,-0.008311,0.0,-0.309993,0.0,-0.155153,-0.059179,-0.065418
1327:1,B,test,1327,0.142857,0.49539,1,0.0,-0.079417,0.029994,-0.32223,0.0,0.047772,0.055787,-0.079416
1328:6,B,dev,1328,0.469388,0.298187,0,0.0,0.23601,0.154551,0.119008,0.0,0.23601,0.241973,0.298186
132:4,B,test,132,0.290909,0.179179,0,0.0,0.31709,0.285962,0.434092,0.0,0.31709,0.226317,0.434092
132:7,B,test,132,0.290909,0.367035,0,0.0,0.089439,0.049385,0.086773,0.0,0.010251,0.047793,0.062264
1331:6,B,dev,1331,0.5,0.122458,1,0.0,0.154843,-0.113118,-0.086513,0.0,0.154843,-0.037707,-0.086513
1331:9,B,dev,1331,0.5,0.122461,1,0.0,0.215125,-0.058688,0.185332,0.0,0.215125,0.042215,0.185332
1332:5,B,dev,1332,0.289157,0.457912,1,0.0,0.0805,-0.12435,-0.034378,0.0,0.0805,-0.437671,-0.034378
1336:9,B,dev,1336,0.903226,0.277302,1,0.0,-0.610437,-0.115303,-0.676475,0.0,-0.672701,0.207034,0.146166
1338:10,B,test,1338,0.792079,0.03121,0,0.0,0.120146,0.09125,0.061458,0.0,0.0,0.040028,0.061458
1339:3,B,dev,1339,0.947368,0.439913,1,0.0,0.014144,-0.003772,-0.0,0.0,0.014144,-0.021648,-0.027446
133:1,B,test,133,0.811688,0.484094,1,0.0,0.229442,0.21568,0.21568,0.0,1e-06,0.134155,0.281097
133:3,B,test,133,0.811688,0.457912,1,0.0,0.038531,0.022455,-0.009241,0.0,0.038531,0.022455,-0.009241
1340:8,B,test,1340,0.289157,0.031203,1,0.0,-0.14797,0.090934,0.123872,0.0,0.182561,0.090934,-0.147971
1341:11,B,test,1341,0.775281,0.439913,0,0.0,0.039849,-0.005977,-0.028433,0.0,-0.005978,-0.005977,-0.028433
1343:5,B,dev,1343,0.26,0.479668,0,0.0,-0.073932,-0.004849,-0.005651,0.0,-0.007782,-0.00406,-0.000256
1344:6,B,test,1344,0.0,0.031208,1,0.0,-0.114962,-0.017778,0.503307,0.0,1e-06,-0.053629,-0.080501
1352:1,B,test,1352,0.851485,0.031208,0,0.0,-0.051881,-0.180307,0.067129,0.0,-0.323724,-0.108599,0.067129
1353:9,B,dev,1353,0.591398,0.39331,1,0.0,-0.149735,-0.08723,0.047923,0.0,0.027803,0.01025,-0.173591
1355:1,B,test,1355,0.5,0.151356,1,0.0,0.138392,0.145615,0.353518,0.0,0.138392,0.145615,-0.067128
1357:4,B,test,1357,1.0,0.380796,1,0.0,0.007071,-0.0,-0.001843,0.0,0.007071,-0.0,-0.001843
1358:13,B,dev,1358,0.5,0.254917,1,0.0,0.031211,0.276245,0.39824,0.0,0.031211,0.276245,0.39824
1364:1,B,dev,1364,0.713043,0.446597,1,0.0,0.122458,0.249015,-0.0,0.0,0.31757,0.249015,-0.0
1369:3,B,test,1369,0.947368,0.277299,1,0.0,0.065418,0.080501,0.080501,0.0,0.065418,0.080501,0.080501
136:5,B,dev,136,0.747059,0.452574,0,0.0,-0.116008,-0.070728,0.428651,0.0,-0.116008,0.013696,0.670609
1371:2,B,test,1371,0.62766,0.031208,0,0.0,-0.112122,-0.166204,-0.398246,0.0,-0.112122,-0.112121,-0.398246
1374:5,B,dev,1374,0.789474,0.414901,1,0.0,0.0,0.023857,-0.079703,0.0,0.0,0.116119,-0.323724
1375:4,B,test,1375,0.747059,0.39331,1,0.0,0.103559,-0.473236,-0.151355,0.0,0.103559,0.062446,-0.44954
1376:3,B,test,1376,0.851485,0.092667,0,0.0,0.029792,-0.03049,-0.061457,0.0,0.029792,-0.03049,-0.061457
1377:12,B,dev,1377,0.608696,0.122459,0,0.0,0.125955,0.106464,0.134267,0.0,0.125955,0.106464,0.134267
1377:13,B,dev,1377,0.608696,0.062176,0,0.0,-0.083326,0.049129,-0.0,0.0,0.111789,0.004978,-0.143609
1377:2,B,dev,1377,0.608696,0.335483,0,0.0,0.017552,0.0,0.0,0.0,0.017552,0.0,0.0
1378:5,B,test,1378,0.894737,0.499447,1,0.0,-0.000153,-0.00021,0.001439,0.0,-0.000153,-0.000283,-0.000348
1381:10,B,test,1381,0.697917,0.462673,1,0.0,0.0805,0.013369,0.094644,0.0,0.0805,0.013369,0.094644
1382:5,B,dev,1382,0.911765,0.062179,1,0.0,-0.086511,-0.066873,-0.162246,0.0,-0.086511,-0.162247,-0.029792
1386:11,B,test,1386,0.894737,0.477023,1,0.0,-0.088658,0.010473,-0.009241,0.0,0.0,0.010473,0.03377
1387:2,B,dev,1387,0.289157,0.404651,1,0.0,-0.214129,0.011341,-0.241953,0.0,-0.214129,-0.082722,-0.012512
1392:22,B,dev,1392,0.555556,0.031207,0,0.0,-0.029791,0.219304,0.132456,0.0,0.083327,0.213522,0.317457
1396:7,B,dev,1396,0.117647,0.298185,0,0.0,-0.009241,-0.019491,-0.019492,0.0,-0.009241,-0.019491,-0.019492
1396:8,B,dev,1396,0.117647,0.231058,0,0.0,-0.019491,-0.043344,-0.057106,0.0,-0.019491,-0.043344,-0.057106
13:8,B,dev,13,0.964912,2e-06,0,0.0,0.283498,-8.3e-05,-1e-06,0.0,0.138396,0.220927,-1e-06
1401:2,B,test,1401,0.713043,0.062175,1,0.0,0.132456,0.017196,-0.177539,0.0,-0.138395,0.000985,-0.177539
1404:2,B,test,1404,0.659574,0.462673,0,0.0,-0.065799,-0.009367,0.288127,0.0,-0.065799,0.01447,-0.023854
1409:0,B,test,1409,0.96,0.432453,1,0.0,0.042772,-0.14121,-0.244962,0.0,-0.019491,-0.056077,-0.146841
1413:4,B,test,1413,0.964912,2e-06,1,0.0,0.083326,0.113119,0.113118,0.0,0.113118,0.113119,0.143608
1413:5,B,test,1413,0.964912,0.062178,1,0.0,0.05188,0.1086,0.108599,0.0,0.05188,0.1086,0.108599
1414:6,B,test,1414,0.901408,0.031211,0,0.0,-0.146169,-0.074653,0.062949,0.0,-0.146169,-0.200598,0.062949
1417:0,B,dev,1417,0.713043,0.179181,1,0.0,0.129698,-0.092543,-0.236991,0.0,-0.113116,-0.174572,-0.236991
1422:6,B,test,1422,0.5,0.092669,0,0.0,0.485972,0.456162,0.606868,0.0,1e-06,0.256026,0.04913
1424:4,B,test,1424,0.4,0.298185,0,0.0,-0.030833,-0.019491,-0.030833,0.0,-0.030833,-0.019491,-0.030833
1425:1,B,dev,1425,0.697917,0.439913,1,0.0,0.019491,0.035263,0.019491,0.0,-0.173591,0.035263,-0.198864
1425:11,B,dev,1425,0.697917,0.439913,0,0.0,-0.006335,-0.006335,-0.006335,0.0,-0.006335,-0.006335,-0.006335
1425:9,B,dev,1425,0.697917,0.424141,0,0.0,-0.016131,-0.007129,-0.021469,0.0,-0.016131,-0.007129,-0.021469
1427:5,B,dev,1427,0.808081,0.205785,1,0.0,-0.027823,-0.002683,0.273814,0.0,-0.027823,-0.079703,0.028897
1430:11,B,dev,1430,0.697917,0.122459,0,0.0,-0.031552,-0.068849,-0.049462,0.0,-0.031552,-0.068849,-0.049462
1437:14,B,dev,1437,0.875,0.335482,1,0.0,-0.052015,-0.047774,-0.082628,0.0,-0.052015,-0.078073,-0.081031
1437:9,B,dev,1437,0.875,0.367036,1,0.0,-0.471129,0.074913,0.320734,0.0,-0.062422,0.212246,-0.031214
1438:2,B,dev,1438,0.964912,0.277301,1,0.0,1e-06,-0.127064,1e-06,0.0,1e-06,-0.099289,-0.09812
143:2,B,test,143,0.911765,0.380795,1,0.0,0.046547,0.003774,0.008015,0.0,0.046547,0.003774,0.008015
1445:4,B,dev,1445,0.811688,0.335483,1,0.0,-0.01434,-0.0,-0.0,0.0,-0.01434,-0.0,-0.0
1449:1,B,test,1449,0.911765,0.49929,1,0.0,0.000531,-0.000739,-0.001011,0.0,0.000531,-0.000739,-0.001011
144:8,B,dev,144,0.813559,1e-06,1,0.0,-0.075736,-0.034379,0.255397,0.0,-0.075736,-0.034379,-0.01791
1453:3,B,dev,1453,0.582609,0.335482,1,0.0,-0.015083,-0.028845,0.120895,0.0,-0.015083,-0.001308,0.120895
1455:5,B,dev,1455,0.469388,0.424141,1,0.0,0.018326,0.014971,0.003077,0.0,0.00492,0.00676,-0.009286
1455:9,B,dev,1455,0.469388,0.092669,0,0.0,0.466917,0.180921,-0.231057,0.0,0.298187,0.431745,-0.231057
1457:1,B,dev,1457,0.763441,0.40465,1,0.0,0.033362,0.001523,-0.001632,0.0,0.033362,0.008914,-0.001632
145:6,B,test,145,0.228261,0.062175,0,0.0,-0.020888,-0.043272,-0.043272,0.0,-0.020888,-0.043272,-0.043272
1466:4,B,test,1466,0.867925,0.062175,1,0.0,-0.118736,-0.070452,-0.072189,0.0,-0.041357,-0.093153,-0.072189
1467:11,B,dev,1467,0.96,0.092667,1,0.0,-0.1086,-0.182045,0.122459,0.0,-0.1086,-0.205785,0.122459
1468:2,B,dev,1468,0.591398,0.17918,1,0.0,0.091251,0.182186,-0.258339,0.0,0.301637,0.15367,-0.258339
1472:12,B,test,1472,0.833333,0.092668,0,0.0,0.213531,0.141272,0.120146,0.0,0.213531,0.09998,0.120146
1473:5,B,dev,1473,0.552941,0.424142,0,0.0,-0.01137,0.141871,-0.019341,0.0,0.081875,0.141871,-0.019341
1473:9,B,dev,1473,0.552941,0.151357,0,0.0,0.195115,0.078372,0.05672,0.0,0.0,0.078372,0.05672
1479:5,B,test,1479,0.911765,0.298188,0,0.0,0.091249,-0.143064,0.301636,0.0,0.091249,-0.143064,0.301636
1481:2,B,test,1481,0.953846,0.439914,1,0.0,0.138394,0.045761,0.11212,0.0,0.159985,0.184997,0.11212
1482:3,B,test,1482,0.763441,0.031211,1,0.0,0.040275,0.019389,0.019389,0.0,0.040275,0.098059,0.019389
1482:5,B,test,1482,0.763441,0.439914,1,0.0,-0.051878,-0.0321,0.067128,0.0,0.120894,0.120894,0.067128
1485:0,B,test,1485,0.228261,0.351953,1,0.0,-0.254913,-0.223705,-0.254913,0.0,0.080568,-0.12228,-0.254913
1486:3,B,dev,1486,0.228261,0.122458,1,0.0,-0.058183,-0.040478,-0.208637,0.0,-0.058183,-0.058183,-0.040274
1488:2,B,test,1488,0.894737,0.151357,0,0.0,-0.2554,-0.286367,-0.255402,0.0,-0.2554,-0.286367,-0.255402
1488:5,B,test,1488,0.894737,0.092663,0,0.0,-0.135002,-0.135001,-0.135001,0.0,-0.135002,-0.221517,-0.135001
1491:9,B,dev,1491,0.911765,0.298184,1,0.0,0.074653,0.055264,0.053766,0.0,0.074653,0.034378,0.053766
1492:12,B,dev,1492,0.552941,0.424142,0,0.0,0.010546,0.007071,0.01199,0.0,0.010546,0.007071,0.01199
1493:5,B,test,1493,0.894737,0.335484,1,0.0,0.210388,-0.030416,0.210388,0.0,0.0,0.041292,-0.174575
1498:2,B,dev,1498,0.717391,0.062174,1,0.0,-0.436913,-0.278464,-0.437115,0.0,0.124353,-0.421413,-0.428116
1499:2,B,test,1499,0.808081,0.335484,1,0.0,0.0,0.011318,-0.060284,0.0,0.267959,0.139639,-0.23601
149:0,B,dev,149,0.894737,0.351953,1,0.0,-0.123875,-0.123875,-0.185332,0.0,-0.123875,-0.036453,-0.185332
149:6,B,dev,149,0.894737,0.277299,1,0.0,0.035263,0.002978,-0.006683,0.0,0.035263,-0.010455,0.015772
14:6,B,test,14,0.95,0.404651,1,0.0,-0.210386,0.044477,0.156304,0.0,0.098121,-0.06735,0.156304
14:7,B,test,14,0.95,0.477023,1,0.0,0.111113,0.127189,0.127189,0.0,0.111113,0.127189,0.127189
1500:2,B,test,1500,0.808081,0.254916,1,0.0,-0.028894,0.191056,0.060285,0.0,0.060284,0.167216,0.060285
1500:3,B,test,1500,0.808081,0.062175,1,0.0,0.034104,0.110752,0.079418,0.0,0.034104,0.055595,0.079418
1503:3,B,test,1503,0.75,0.367036,1,0.0,0.295241,0.075377,-0.614029,0.0,0.027823,-0.339389,-0.089179
1503:5,B,test,1503,0.75,0.12246,1,0.0,-0.532581,-0.269512,-0.410241,0.0,0.162248,-0.481249,-0.369967
1508:5,B,dev,1508,0.779412,0.231059,1,0.0,-0.086513,-0.162249,-0.242818,0.0,-0.086513,-0.162249,-0.242818
1509:0,B,dev,1509,0.713043,0.205787,1,0.0,-0.410237,-0.358749,-0.138396,0.0,-0.019388,-0.358749,-0.468927
1509:3,B,dev,1509,0.713043,0.151356,1,0.0,0.051879,0.051879,0.025273,0.0,0.051879,0.051879,0.025273
1511:6,B,dev,1511,0.875,0.122458,0,0.0,0.026274,-0.015083,-0.031553,0.0,0.026274,-0.015083,-0.031553
1511:9,B,dev,1511,0.875,0.317574,0,0.0,-0.079561,-0.0658,-0.079561,0.0,-0.079561,-0.0658,-0.079561
1512:5,B,dev,1512,0.779412,0.477023,0,0.0,-0.041946,0.265653,0.897958,0.0,-0.041946,0.246094,-0.035263
1515:12,B,test,1515,0.548387,0.122458,1,0.0,0.019388,0.062659,0.086516,0.0,0.019388,0.062659,0.086516
1519:8,B,test,1519,0.4,0.414901,1,0.0,0.153529,0.122136,0.13143,0.0,0.045313,0.111113,0.104429
1523:11,B,dev,1523,0.789474,0.424142,1,0.0,0.033071,0.033071,0.021755,0.0,0.033071,0.033071,0.021755
1524:1,B,test,1524,0.875,0.485936,1,0.0,0.013406,0.00898,0.006335,0.0,0.013406,0.00898,-0.077378
1524:10,B,test,1524,0.875,0.23106,1,0.0,-0.215126,-0.215125,0.029792,0.0,-0.215126,-0.11458,-0.244021
1528:4,B,dev,1528,0.95,0.487568,1,0.0,0.079417,0.083149,0.057826,0.0,0.016469,0.069167,0.10443
152:0,B,dev,152,0.728814,0.17918,0,0.0,0.083326,0.083325,0.15484,0.0,0.083326,0.083325,0.15484
1532:1,B,test,1532,0.813559,0.491423,1,0.0,0.009002,-0.013017,-0.252125,0.0,0.009002,-0.03881,-0.105959
1538:18,B,dev,1538,0.947368,0.479668,1,0.0,-0.062659,0.030082,0.122338,0.0,-0.062659,0.030082,0.122338
1539:1,B,dev,1539,0.775281,0.17918,1,0.0,0.267961,0.143608,0.05443,0.0,0.267961,0.143608,0.05443
1540:3,B,test,1540,0.95,0.367035,1,0.0,0.005978,0.02374,0.020121,0.0,0.005978,0.005977,0.071777
1540:9,B,test,1540,0.95,0.231058,1,0.0,-0.120895,-0.104426,-0.067129,0.0,-0.120895,-0.104426,-0.067129
1545:3,B,test,1545,0.582609,0.474043,0,0.0,-0.012661,0.059116,0.00746,0.0,0.059116,-0.017999,0.00746
1550:10,B,test,1550,0.964912,0.432453,1,0.0,0.114878,-0.2434,-0.138394,0.0,-0.062659,0.018416,-0.138394
1550:3,B,test,1550,0.964912,0.031212,1,0.0,-0.05188,-0.01609,-0.30049,0.0,-0.05188,-0.082666,-0.098121
1550:7,B,test,1550,0.964912,0.254916,1,0.0,0.10443,0.185,0.28856,0.0,0.10443,0.185,0.471123
1551:7,B,dev,1551,0.833333,0.122458,0,0.0,-0.192738,0.0,-0.0,0.0,-0.023856,0.0,-0.0
1552:1,B,dev,1552,0.455696,0.277299,1,0.0,0.01647,0.0,-0.028844,0.0,0.146169,0.032346,-0.028844
1552:10,B,dev,1552,0.455696,0.414901,0,0.0,-0.037297,0.013045,0.119008,0.0,-0.037297,0.013045,0.119008
1553:3,B,test,1553,0.592593,0.446596,1,0.0,-0.012776,-0.039397,-0.036177,0.0,-0.021756,-0.022041,-0.012776
1559:1,B,dev,1559,0.747059,0.457912,0,0.0,-0.025012,0.209114,0.566253,0.0,0.1376,0.204798,0.566253
1560:2,B,test,1560,0.747059,0.351953,1,0.0,0.079704,-0.164399,-0.603929,0.0,0.241954,-0.054985,-0.603929
1560:5,B,test,1560,0.747059,0.122458,1,0.0,0.329396,0.092402,-0.134267,0.0,0.092402,0.160997,-0.134267
1561:2,B,test,1561,0.697917,0.062175,1,0.0,0.132457,0.132456,0.075738,0.0,0.132457,0.132456,0.075738
1561:4,B,test,1561,0.697917,0.231059,0,0.0,-0.079704,0.058687,0.609267,0.0,-0.079704,0.058687,0.609267
1563:8,B,test,1563,0.607595,0.254916,1,0.0,-0.266978,-0.046161,-0.304276,0.0,-0.266978,-0.249999,-0.0
1566:5,B,test,1566,0.833333,0.477023,1,0.0,0.003984,0.006115,0.004984,0.0,0.003984,0.006115,0.004984
1567:1,B,dev,1567,0.2,0.380797,1,0.0,0.043271,0.043271,-0.223706,0.0,0.043271,-0.025235,-0.679058
1569:6,B,test,1569,0.659574,0.367036,0,0.0,0.175725,-0.0124,0.329394,0.0,0.175725,0.081663,0.329394
1579:0,B,test,1579,0.808081,0.062177,1,0.0,-0.056719,-0.028895,-0.083325,0.0,-0.056719,-0.028895,-0.083325
1579:1,B,test,1579,0.808081,0.380797,1,0.0,0.01025,-0.012232,0.021592,0.0,0.01025,5.8e-05,0.021592
157:2,B,test,157,0.289157,0.446597,1,0.0,-0.138392,0.053695,-0.663512,0.0,0.104424,0.053695,-0.710727
1580:1,B,test,1580,0.747059,0.40465,1,0.0,0.006683,0.0,0.031696,0.0,0.006683,0.0,0.031696
1584:1,B,test,1584,0.875,0.496406,1,0.0,-0.051656,-0.050296,-0.932413,0.0,0.041589,0.024956,-0.096969
1584:2,B,test,1584,0.875,0.446597,1,0.0,0.149735,0.099823,-0.43409,0.0,0.022385,0.041959,-0.43409
1586:6,B,test,1586,0.0,0.393308,0,0.0,-0.020121,-0.012661,-0.012661,0.0,-0.020121,-0.012661,-0.012661
1594:5,B,test,1594,0.578947,0.254914,0,0.0,-1e-06,-0.023856,-0.075737,0.0,-0.132456,0.010952,-0.04913
159:4,B,test,159,0.607595,0.092666,0,0.0,0.028432,0.015772,-0.106568,0.0,0.028432,0.000237,-0.106568
159:5,B,test,159,0.607595,0.17918,1,0.0,0.236994,-0.3049,-0.174575,0.0,-0.320744,-0.378578,-0.174575
15:2,B,test,15,0.2,0.2773,1,0.0,0.089891,0.066037,0.193388,0.0,0.089891,0.095063,0.103652
15:5,B,test,15,0.2,0.439913,1,0.0,0.0,0.005625,0.00898,0.0,0.0,0.005625,0.00898
1600:6,B,test,1600,0.5,0.335484,0,0.0,0.028895,-0.178672,-0.489492,0.0,0.028895,-0.178672,-0.489492
1602:3,B,dev,1602,0.901408,0.205783,1,0.0,0.013762,-0.012513,-0.012513,0.0,0.013762,-0.012513,-0.012513
1606:10,B,dev,1606,0.455696,0.0,1,0.0,0.022385,0.104415,0.339476,0.0,0.022385,0.098121,0.125945
1607:2,B,dev,1607,0.548387,0.23106,1,0.0,0.092666,0.081638,-0.498833,0.0,0.031209,-0.32244,0.122458
1615:0,B,test,1615,0.894737,0.317576,1,0.0,0.097036,-0.031666,-0.621947,0.0,-0.162247,-0.031666,-0.621947
1616:1,B,test,1616,0.775281,0.254914,1,0.0,0.034104,0.034104,0.021591,0.0,0.034104,0.034104,0.021591
1616:6,B,test,1616,0.775281,0.092665,1,0.0,0.011341,0.052698,0.069168,0.0,0.011341,0.052698,0.069168
1617:12,B,dev,1617,0.555556,0.031215,1,0.0,0.117002,0.160905,0.210388,0.0,-0.026604,0.160905,0.210388
1617:5,B,dev,1617,0.555556,0.179181,1,0.0,0.058689,-0.215122,-0.298449,0.0,-0.185328,-0.051846,-0.061457
1617:7,B,dev,1617,0.555556,0.092669,1,0.0,-0.11179,0.051809,-0.281785,0.0,0.143608,0.051809,-0.246791
1619:3,B,dev,1619,0.867925,0.231059,1,0.0,-0.120144,0.018588,0.21568,0.0,0.166219,0.018588,0.05443
161:6,B,test,161,1.0,0.466914,1,0.0,-0.162246,0.191681,0.197659,0.0,-0.162246,0.191681,0.197659
1622:3,B,dev,1622,0.964912,0.317575,0,0.0,-0.20552,-0.058687,-0.242816,0.0,0.0,-0.058687,-0.162247
1625:7,B,dev,1625,0.840188,0.351953,1,0.0,-0.215122,-0.05736,-0.154839,0.0,0.040274,-0.05736,-0.154839
1626:2,B,dev,1626,0.516129,0.254916,1,0.0,0.24402,0.377752,0.390851,0.0,0.444618,0.444617,0.123875
1627:7,B,test,1627,0.582609,0.298186,1,0.0,0.023853,0.037615,0.023854,0.0,0.023853,0.037615,0.023854
162:8,B,dev,162,0.797531,0.351952,0,0.0,0.0,-0.028432,-0.100623,0.0,0.0,-0.028432,-0.100623
1633:8,B,test,1633,0.4,0.151354,1,0.0,-0.012513,0.028844,0.028845,0.0,-0.012513,0.028844,0.028845
1634:7,B,test,1634,0.833333,0.12246,0,0.0,0.147969,-0.020647,0.09125,0.0,0.147969,0.030967,0.09125
1635:5,B,dev,1635,0.5,0.380798,0,0.0,-0.063222,0.186236,-0.063222,0.0,-0.063222,0.109569,0.195113
1636:5,B,dev,1636,0.5,0.446597,1,0.0,0.010109,0.00298,0.00298,0.0,0.010109,0.00298,0.00298
1640:9,B,test,1640,0.789474,0.031209,0,0.0,-0.037718,-0.085641,-0.109495,0.0,0.007782,-0.085641,-0.109495
1645:3,B,dev,1645,0.410256,0.205785,0,0.0,-0.058184,-0.058184,-0.058184,0.0,-0.058184,-0.058184,-0.058184
1646:2,B,test,1646,0.813559,0.380798,1,0.0,0.062659,0.020886,0.062659,0.0,0.062659,0.041772,0.062659
164:2,B,dev,164,0.4,0.439913,1,0.0,-0.149737,-0.013761,-0.013761,0.0,0.023854,-0.07638,-0.013761
1656:11,B,dev,1656,0.548387,0.414901,1,0.0,-0.236009,-0.205519,-0.067128,0.0,-0.236009,-0.205519,-0.067128
1657:3,B,dev,1657,0.469388,0.477023,1,0.0,0.051641,0.006879,-0.011836,0.0,0.051641,0.01718,0.013406
165:6,B,test,165,0.789474,0.470688,1,0.0,0.007129,-0.009505,-0.027001,0.0,-0.034461,-0.009505,-0.027001
1661:3,B,test,1661,0.591398,0.254916,1,0.0,0.062419,0.170264,-0.266978,0.0,0.062419,0.054404,-0.266978
1661:5,B,test,1661,0.591398,0.462673,1,0.0,0.062263,0.062263,-0.12735,0.0,0.062263,0.028971,-0.311983
1665:2,B,dev,1665,0.96,0.062177,0,0.0,-0.092667,0.115107,0.029791,0.0,0.029792,-0.030491,0.029791
1666:8,B,dev,1666,0.582609,0.031214,1,0.0,-0.0,0.057783,-0.020887,0.0,-0.0,0.057783,-0.020887
1667:1,B,test,1667,0.763441,0.298188,1,0.0,-0.483084,-0.095208,-0.083326,0.0,0.187524,-0.135227,-0.083326
1669:12,B,dev,1669,0.571429,0.432453,1,0.0,-0.205785,0.014155,-0.205784,0.0,-0.205785,0.111635,-0.205784
166:1,B,test,166,0.717391,0.457912,1,0.0,-0.732474,-0.318755,-0.829801,0.0,-0.235722,-0.23553,-0.021592
1670:3,B,test,1670,0.0,0.179178,0,0.0,-0.162251,-0.030082,-0.162251,0.0,-0.162251,-0.193011,-0.162251
1671:4,B,dev,1671,0.777778,0.351953,0,0.0,0.025273,0.051879,0.051879,0.0,0.025273,0.051879,0.051879
1671:6,B,dev,1671,0.777778,0.254913,0,0.0,0.053288,0.030833,0.039144,0.0,0.053288,0.030833,0.039144
1679:4,B,test,1679,0.697917,0.446597,1,0.0,0.025273,0.13941,-0.328243,0.0,0.025273,0.13941,-0.328243
167:5,B,dev,167,0.792079,0.414901,0,0.0,0.047865,0.026273,0.026273,0.0,0.047865,0.026273,0.026273
1682:5,B,dev,1682,0.911765,0.205788,1,0.0,0.27184,-0.07457,0.123872,0.0,-0.029796,0.061774,0.185331
1683:6,B,dev,1683,0.747059,0.254914,0,0.0,0.041357,0.028845,0.028844,0.0,0.041357,0.028845,0.028844
1684:1,B,dev,1684,0.747059,0.404651,1,0.0,0.143609,-0.188008,-0.293234,0.0,-0.184635,0.159943,-0.414129
1684:11,B,dev,1684,0.747059,0.031211,1,0.0,0.0,0.03413,0.059142,0.0,0.219131,0.059092,0.059142
1684:4,B,dev,1684,0.747059,0.092665,1,0.0,-0.011315,0.05129,-0.024091,0.0,-0.011315,0.051291,-0.024091
1687:0,B,dev,1687,0.608696,0.205786,1,0.0,0.390854,0.110874,0.119009,0.0,0.020887,0.327497,0.175728
1689:12,B,dev,1689,0.894737,0.452574,1,0.0,-0.201394,-0.031571,0.05164,0.0,-0.201394,-0.093362,-0.0
1689:8,B,dev,1689,0.894737,0.39331,1,0.0,-0.089178,-0.017471,0.184128,0.0,-0.089178,-0.017471,0.027823
1689:9,B,dev,1689,0.894737,0.205786,1,0.0,-0.060283,-0.029794,0.108597,0.0,-0.060283,-0.029794,0.108597
1693:2,B,test,1693,0.763441,0.367034,1,0.0,-0.023853,0.041961,-0.109496,0.0,-0.023853,0.0,-0.109496
1699:7,B,test,1699,0.64,0.317574,0,0.0,-0.0144,-0.022878,-0.0144,0.0,-0.0144,-0.018455,-0.05897
169:4,B,test,169,0.818182,1e-06,1,0.0,0.020888,0.036801,0.11901,0.0,0.020888,0.043273,0.390853
1702:2,B,dev,1702,0.552941,3e-06,0,0.0,0.320644,0.288692,-0.358357,0.0,0.26742,0.26662,-0.559973
1703:2,B,test,1703,0.516129,0.205787,1,0.0,0.192738,-0.030845,-0.213528,0.0,0.236009,0.025565,-0.213528
1708:2,B,dev,1708,0.469388,0.39331,1,0.0,0.026606,0.051879,-0.456475,0.0,0.026606,-0.102159,-0.456475
1714:4,B,dev,1714,0.555556,0.254915,1,0.0,0.089178,0.151355,0.120145,0.0,0.21353,0.201806,0.120145
1721:2,B,test,1721,0.410256,0.317575,1,0.0,-0.348785,0.197912,-0.412008,0.0,-0.489123,-0.476939,-0.366694
1723:11,B,dev,1723,0.591398,0.39331,1,0.0,0.074652,0.08248,0.127349,0.0,-0.125941,0.08248,0.127349
1726:10,B,dev,1726,0.792079,0.40465,1,0.0,0.028025,0.033363,0.015249,0.0,0.028025,0.033363,0.015249
1727:2,B,dev,1727,0.608696,0.031209,1,0.0,-0.040274,0.0,0.125946,0.0,-0.040274,0.0,0.125946
1730:1,B,test,1730,0.911765,0.470688,1,0.0,0.164486,0.087522,0.08261,0.0,0.164486,0.087522,-0.119008
1730:5,B,test,1730,0.911765,0.462673,1,0.0,-0.019387,0.022597,0.097326,0.0,-0.019387,0.022597,0.097326
1731:0,B,dev,1731,0.951807,0.254914,0,0.0,0.0,-0.064292,0.073606,0.0,0.0,0.039144,0.073606
1731:3,B,dev,1731,0.951807,0.335483,0,0.0,-0.059265,-0.037673,-0.047924,0.0,-0.100622,-0.037673,-0.047924
1736:4,B,test,1736,0.811688,0.49982,0,0.0,-0.001013,-0.000222,-0.000138,0.0,-0.001013,-0.000222,-0.000138
1737:6,B,dev,1737,0.792079,0.489013,1,0.0,-0.064767,-0.022556,-0.002645,0.0,0.006269,-0.022556,-0.002645
1739:0,B,test,1739,0.916667,0.06218,1,0.0,0.06713,0.074662,-0.037296,0.0,-0.0,0.043764,-0.125956
173:0,B,dev,173,0.821429,0.380796,1,0.0,0.059266,0.005672,-0.042817,0.0,0.059266,0.028433,-0.042817
1740:1,B,dev,1740,0.964912,0.367036,1,0.0,0.146167,-0.267961,-0.205785,0.0,0.146167,-0.267961,-0.205785
1740:10,B,dev,1740,0.964912,0.205783,0,0.0,0.0,-0.019491,0.022455,0.0,0.0,-0.019491,0.022455
1740:3,B,dev,1740,0.964912,1e-06,0,0.0,0.027824,0.0,-0.058688,0.0,0.027824,0.0,-0.24402
1740:6,B,dev,1740,0.964912,0.23106,0,0.0,0.027824,0.0,-0.026605,0.0,0.027824,-0.039669,-0.026605
1741:11,B,dev,1741,1.0,0.2773,0,0.0,0.093385,0.014388,-0.168882,0.0,0.093385,0.014388,-0.168882
1742:1,B,test,1742,0.5,0.317575,1,0.0,0.089736,-0.015132,0.12735,0.0,0.089736,-0.015132,-0.0
1742:3,B,test,1742,0.5,0.39331,0,0.0,-0.105959,-0.013369,-0.072188,0.0,-0.105959,-0.013369,0.120893
1743:3,B,test,1743,0.697917,0.474043,1,0.0,0.043011,0.025012,-0.209114,0.0,0.043011,-0.079417,-0.209114
1746:13,B,test,1746,0.62766,0.367036,0,0.0,0.022455,0.033771,0.033771,0.0,0.022455,0.033771,0.033771
1746:4,B,test,1746,0.62766,0.439913,0,0.0,0.004241,0.004241,0.004241,0.0,0.004241,0.004241,0.004241
1751:0,B,dev,1751,0.964912,0.39331,1,0.0,-0.162246,-0.027079,-0.317088,0.0,-0.162246,0.125881,-0.317088
1751:1,B,dev,1751,0.964912,0.277298,1,0.0,-0.037296,-0.095123,-0.095123,0.0,-0.037296,-0.041039,-0.095123
1761:3,B,test,1761,0.867925,0.317575,1,0.0,0.26796,0.030967,0.339474,0.0,0.093384,0.109964,0.339474
1761:8,B,test,1761,0.867925,0.17918,0,0.0,-0.154839,-0.108598,-0.108598,0.0,0.091249,0.003989,-0.108598
1762:2,B,test,1762,0.894737,0.351951,0,0.0,-0.020318,-0.020317,-0.020317,0.0,-0.020318,-0.020317,-0.020317
1763:2,B,test,1763,0.747059,0.432453,1,0.0,0.019023,0.033362,0.023263,0.0,0.019023,0.033362,0.023263
1764:2,B,test,1764,0.5,0.062176,1,0.0,-0.11179,-0.068323,-0.092402,0.0,0.05443,-0.129699,-0.092402
1765:6,B,test,1765,0.428571,0.317574,0,0.0,-0.154388,-0.02613,-0.117091,0.0,-0.154388,-0.117091,-0.117091
1766:1,B,test,1766,0.901408,0.432453,1,0.0,0.095123,0.095122,-0.146831,0.0,0.095123,0.095122,-0.798078
1769:2,B,test,1769,0.953846,0.432453,1,0.0,-0.006684,-0.134797,-0.90927,0.0,-0.006684,-0.100298,-0.90927
1770:6,B,dev,1770,0.428571,0.432453,1,0.0,0.110721,0.100716,0.081877,0.0,0.110721,0.042914,0.12719
1774:2,B,test,1774,0.591398,0.231058,1,0.0,0.049461,-0.0,0.015083,0.0,0.049461,-0.0,0.015083
1777:9,B,dev,1777,0.516129,0.205784,0,0.0,-0.017553,-0.032323,-0.201395,0.0,-0.017553,0.0,-0.080501
177:13,B,test,177,0.947368,0.092668,0,0.0,-0.244021,0.167454,0.103561,0.0,0.027823,0.222776,0.103561
177:5,B,test,177,0.947368,0.474043,0,0.0,-0.001885,-0.000884,-0.003016,0.0,-0.001885,-0.000884,-0.003016
177:6,B,test,177,0.947368,0.393309,0,0.0,0.007129,0.0,0.0151,0.0,0.007129,0.0,0.0151
1781:12,B,dev,1781,1.0,0.482014,1,0.0,0.011341,0.003818,-0.241954,0.0,-0.138394,-0.095122,-0.057826
1784:4,B,test,1784,0.12963,0.40465,0,0.0,-0.059265,-0.059265,-0.020121,0.0,-0.059265,-0.059265,-0.020121
1786:4,B,test,1786,0.833333,0.317575,1,0.0,0.103559,-0.112515,0.241953,0.0,-0.35714,0.253295,-0.503307
1789:10,B,test,1789,0.516129,0.254914,0,0.0,0.030833,0.046604,0.073605,0.0,0.030833,0.046604,0.073605
1790:14,B,dev,1790,0.894737,0.335484,1,0.0,0.037297,0.116714,0.095122,0.0,-0.205518,0.116714,0.095122
1791:7,B,test,1791,0.785714,0.151354,1,0.0,-0.393271,-0.393508,-0.162247,0.0,-0.374248,-0.196545,-0.406904
1795:4,B,test,1795,0.728814,0.298188,1,0.0,0.108599,-0.03858,-0.618391,0.0,-0.474412,-0.086192,-0.215125
1796:5,B,dev,1796,0.5,0.432453,0,0.0,0.659566,0.080936,-0.207757,0.0,-0.191681,-0.177537,0.075737
1799:1,B,dev,1799,0.964912,0.482014,1,0.0,0.117001,-0.160903,0.089177,0.0,0.117001,0.0,0.089177
1800:7,B,test,1800,0.582609,0.470687,1,0.0,-0.00341,-0.004294,-0.004294,0.0,-0.001278,-0.004294,-0.004294
1803:3,B,test,1803,0.789474,0.231058,1,0.0,-0.019491,0.011341,0.023854,0.0,-0.019491,0.011341,0.023854
1804:2,B,test,1804,0.911765,0.414901,0,0.0,-0.187523,-0.132576,0.205781,0.0,-0.187523,-0.132576,0.205781
1806:0,B,test,1806,0.833333,0.298185,1,0.0,0.042773,0.012403,0.01434,0.0,0.042773,0.015883,-0.028477
1806:5,B,test,1806,0.833333,0.452574,1,0.0,-0.124353,0.092884,0.289775,0.0,-0.397661,-0.22814,0.289775
1807:7,B,test,1807,0.576271,1e-06,1,0.0,-0.080569,0.010533,-0.062661,0.0,-0.080569,-0.080569,-0.062661
1807:8,B,test,1807,0.576271,0.031207,1,0.0,-0.023857,0.162462,0.079702,0.0,-0.023857,0.093867,0.293233
180:9,B,dev,180,0.901408,0.351952,0,0.0,-0.037673,-0.047924,-0.059265,0.0,-0.037673,-0.047924,-0.059265
1810:11,B,dev,1810,0.833333,0.439913,0,0.0,0.037615,0.052697,0.023853,0.0,0.17359,0.052697,0.023853
1810:7,B,dev,1810,0.833333,0.40465,1,0.0,-0.053766,-0.053766,-0.019387,0.0,-0.053766,-0.053766,-0.019387
1816:1,B,dev,1816,0.950829,0.367037,1,0.0,0.124353,0.161571,-0.273306,0.0,0.339473,0.062176,-0.273306
1816:2,B,dev,1816,0.950829,0.06218,1,0.0,0.05443,-0.070511,-0.28961,0.0,-0.268262,-0.044771,-0.28961
1818:1,B,test,1818,0.591398,0.39331,0,0.0,0.146167,0.172773,0.703904,0.0,0.034378,0.120672,0.85195
1820:1,B,dev,1820,0.894737,0.367036,1,0.0,-0.113118,-0.012317,-0.083325,0.0,0.092401,-0.209117,-0.083325
1820:5,B,dev,1820,0.894737,0.179179,1,0.0,0.045313,0.162355,-0.012513,0.0,-0.113292,0.034532,-0.093246
1831:1,B,dev,1831,0.867925,0.317575,1,0.0,-0.0,0.051879,-0.027823,0.0,0.051879,0.017293,-0.027823
1831:6,B,dev,1831,0.867925,0.492423,0,0.0,0.006951,0.005528,0.007281,0.0,0.002968,0.006646,0.006076
1837:5,B,dev,1837,0.792079,0.432453,0,0.0,-0.067113,-0.101217,-0.101217,0.0,-0.067113,-0.101217,-0.101217
1839:2,B,dev,1839,0.9,0.031212,1,0.0,0.075738,0.077222,-0.092628,0.0,0.075738,0.098605,0.214132
1842:9,B,dev,1842,0.75,0.092665,1,0.0,-0.051656,0.028844,0.0,0.0,-0.051656,0.09571,0.0
1843:9,B,test,1843,0.0,0.298186,1,0.0,0.011341,0.084432,-0.01025,0.0,-0.053262,-0.0,-0.01025
1847:12,B,dev,1847,0.289157,0.487568,1,0.0,-0.272785,-0.272786,-0.193083,0.0,-0.009241,-0.272786,-0.193083
1849:10,B,dev,1849,0.4,0.351953,1,0.0,-0.027803,-0.027803,-0.01025,0.0,-0.027803,-0.027803,-0.01025
184:9,B,dev,184,0.386364,0.062177,1,0.0,-0.071514,0.05443,-0.0,0.0,-0.071514,0.05443,-0.0
1850:3,B,dev,1850,0.894737,0.122457,1,0.0,0.198867,0.025077,0.011342,0.0,0.023853,-0.011633,0.011342
1850:5,B,dev,1850,0.894737,1e-06,1,0.0,-0.132456,-0.05672,-0.05672,0.0,-0.132456,-0.05672,-0.05672
1851:0,B,test,1851,0.964912,0.317573,1,0.0,0.162095,0.163699,-0.01815,0.0,0.224754,0.21182,0.055526
1852:4,B,dev,1852,0.911765,0.317575,1,0.0,0.09812,0.192003,-0.056719,0.0,0.09812,0.159657,0.075735
1854:19,B,test,1854,0.833333,0.462673,1,0.0,-0.168881,0.029775,-0.108599,0.0,0.135976,0.111429,0.135977
1854:7,B,test,1854,0.833333,0.351954,1,0.0,-0.456477,0.119007,-0.330533,0.0,-0.027824,0.119007,0.138394
1860:1,B,dev,1860,1.0,0.367035,1,0.0,-0.0,-0.033678,0.049462,0.0,0.429213,-0.103567,-0.131464
1861:1,B,dev,1861,0.713043,0.062179,1,0.0,0.151354,-0.179179,-0.12246,0.0,-0.092668,-0.3236,-0.12246
1862:2,B,dev,1862,0.833333,0.474043,1,0.0,0.025012,0.025823,-0.021592,0.0,0.062121,-0.00414,-0.021592
1862:3,B,dev,1862,0.833333,0.317574,1,0.0,-0.132455,0.0,-0.10356,0.0,0.022385,-0.088304,0.022385
1863:4,B,test,1863,0.2,0.031208,0,0.0,0.079704,0.10356,0.200598,0.0,0.079704,0.028992,0.200598
1863:6,B,test,1863,0.2,0.205787,0,0.0,0.223703,0.043198,-0.022385,0.0,0.254914,0.043198,0.739009
1864:2,B,test,1864,0.289157,0.179178,0,0.0,0.074653,-0.0,0.089736,0.0,0.074653,0.109024,-0.046242
1864:4,B,test,1864,0.289157,2e-06,0,0.0,0.119007,0.051878,-0.147969,0.0,0.119007,0.051878,0.09812
1869:6,B,test,1869,0.555556,0.477022,0,0.0,-0.017552,-0.001344,0.04159,0.0,0.025459,0.019639,-0.080501
1875:2,B,test,1875,0.555556,0.031211,1,0.0,-0.235723,-0.138396,-0.098122,0.0,-0.278735,-0.138396,-0.098122
1875:6,B,test,1875,0.555556,0.446597,1,0.0,-0.01791,-0.040063,-0.058183,0.0,-0.242816,-0.040063,0.104429
1877:8,B,test,1877,0.576271,0.062176,1,0.0,-0.053766,0.020887,0.020887,0.0,-0.053766,0.020887,0.020887
1878:0,B,test,1878,0.763441,0.122461,1,0.0,0.089179,0.142354,-0.027822,0.0,0.089179,2e-06,-0.027822
1882:6,B,dev,1882,0.469388,0.205787,1,0.0,0.174572,0.28636,0.120142,0.0,0.174572,0.159778,-0.182564
1893:1,B,test,1893,0.747059,0.380797,1,0.0,0.012075,0.014421,0.023401,0.0,0.012075,0.001083,0.023401
1894:3,B,dev,1894,0.894737,0.470688,1,0.0,0.095637,0.041426,0.095637,0.0,0.095637,0.107006,-0.161249
1895:7,B,dev,1895,0.886364,0.39331,1,0.0,0.029794,0.07113,1e-06,0.0,0.029794,0.172749,0.28813
1897:1,B,dev,1897,0.555556,0.424142,1,0.0,0.141726,-0.119007,-0.63367,0.0,0.019388,-0.014805,-0.63367
1898:6,B,test,1898,0.779412,0.432452,1,0.0,-0.012775,-0.019111,-0.004761,0.0,-0.012775,-0.019111,-0.004761
18:0,B,dev,18,0.811688,0.122463,1,0.0,-0.122456,-0.122457,-0.092664,0.0,-0.122456,-0.060912,-0.092664
1905:6,B,dev,1905,0.875,0.439914,1,0.0,-0.914805,0.052013,0.052013,0.0,-0.034104,-0.267055,0.052013
1906:3,B,test,1906,0.117647,0.317574,0,0.0,-0.033771,-0.052806,-0.025459,0.0,-0.033771,-0.033771,-0.025459
1907:4,B,dev,1907,0.851485,0.317575,1,0.0,0.231057,0.105777,0.277298,0.0,0.231057,0.180345,0.277298
1913:6,B,dev,1913,0.833333,0.17918,1,0.0,-0.117002,-0.169504,-0.289777,0.0,-0.117002,0.031987,-0.289777
1918:9,B,dev,1918,0.789474,0.466914,1,0.0,0.016285,0.009214,0.01364,0.0,0.016285,0.009214,0.01364
1925:1,B,test,1925,0.792079,0.092669,1,0.0,0.123877,0.215125,0.123877,0.0,0.123877,0.061459,0.123877
1932:11,B,dev,1932,1.0,0.254913,0,0.0,0.017553,-0.064884,0.017553,0.0,0.017553,0.0,0.017553
1936:4,B,dev,1936,0.555556,0.031212,1,0.0,-0.173595,0.076831,-0.208858,0.0,-0.149741,-0.18133,-0.183846
1942:11,B,dev,1942,0.516129,0.317573,1,0.0,-0.067128,-0.057678,-0.135978,0.0,-0.067128,-0.057678,-0.135978
1942:5,B,dev,1942,0.516129,0.335483,1,0.0,0.033771,0.025459,0.064603,0.0,0.033771,0.025459,0.025459
1942:6,B,dev,1942,0.516129,0.031208,1,0.0,0.138396,0.149495,0.111789,0.0,0.255397,0.125657,0.111789
1946:3,B,test,1946,0.792079,0.40465,1,0.0,0.021469,0.016131,0.01137,0.0,0.021469,0.016131,0.01137
1947:1,B,test,1947,0.697917,0.031207,1,0.0,-0.061457,-0.572845,-0.061457,0.0,-0.559582,-0.261626,-0.585975
194:2,B,dev,194,1.0,0.470688,0,0.0,0.0,0.033053,0.014143,0.0,0.0,0.033053,0.014143
1951:4,B,dev,1951,0.697917,0.231055,0,0.0,-0.020122,-0.005978,-0.012662,0.0,-0.020122,-0.008206,-0.012662
1955:4,B,test,1955,0.894737,0.122457,1,0.0,0.109988,0.15945,0.159451,0.0,0.109988,0.15945,0.159451
1956:1,B,dev,1956,0.713043,0.231057,0,0.0,-0.068849,-0.068849,-0.068849,0.0,-0.068849,-0.091225,-0.068849
1956:7,B,dev,1956,0.713043,0.446596,0,0.0,0.0,-0.001445,-0.001445,0.0,0.0,-0.001445,-0.001445
1959:1,B,dev,1959,0.763441,0.062175,1,0.0,0.079705,0.309584,0.0,0.0,0.079705,0.025274,-0.183843
1960:1,B,dev,1960,0.789474,0.298187,1,0.0,-0.308506,0.071957,-0.493884,0.0,-0.348782,-0.120087,-0.398244
1962:1,B,test,1962,0.128161,0.335484,1,0.0,0.10356,0.187007,0.146831,0.0,0.241954,0.187007,0.253295
1962:6,B,test,1962,0.128161,0.492423,1,0.0,0.000971,0.000291,0.006076,0.0,0.000971,0.000291,0.0013
1964:0,B,test,1964,0.5,0.298187,1,0.0,0.060283,0.081283,-0.108599,0.0,0.060283,-0.028894,-0.108599
1965:11,B,test,1965,0.659574,0.380797,1,0.0,-0.016469,-0.079418,-0.0,0.0,-0.088659,-0.079418,-0.079418
1968:2,B,test,1968,0.808081,0.205787,1,0.0,0.127352,0.392845,0.253296,0.0,0.253296,0.362217,0.023853
196:7,B,test,196,0.833333,0.317571,0,0.0,-0.0,0.123105,-0.51839,0.0,0.130784,0.093563,0.090879
1970:0,B,test,1970,0.95,0.179182,1,0.0,-0.05443,0.019901,-0.541266,0.0,-0.05443,0.019901,-0.541266
1970:5,B,test,1970,0.95,0.205789,0,0.0,-0.215123,0.18125,-0.21512,0.0,0.366562,0.042856,0.108599
1976:4,B,dev,1976,0.2,0.462673,1,0.0,0.226852,0.226852,0.173591,0.0,0.226852,0.226852,-0.138391
1977:1,B,dev,1977,0.697917,0.179179,1,0.0,0.097327,0.339035,0.692201,0.0,0.097327,0.477078,0.292443
1977:2,B,dev,1977,0.697917,0.231057,1,0.0,0.022619,0.057378,0.157825,0.0,0.022619,0.011845,0.157825
1977:4,B,dev,1977,0.697917,0.031208,1,0.0,0.034379,0.040841,-0.147338,0.0,0.034379,0.167425,-0.147668
197:3,B,test,197,0.775281,0.17918,0,0.0,-0.062177,0.0,-0.062176,0.0,-0.062177,0.0,-0.241354
1981:9,B,test,1981,0.26,0.277301,1,0.0,0.210387,0.435858,-0.147968,0.0,0.210387,0.28025,-0.465992
1985:11,B,dev,1985,0.578947,0.351953,0,0.0,0.0421,0.027001,0.017999,0.0,0.0421,0.027001,0.017999
1985:12,B,dev,1985,0.578947,0.414901,0,0.0,0.020735,0.021735,0.020735,0.0,0.020735,0.021735,0.020735
1985:3,B,dev,1985,0.578947,0.179177,0,0.0,-0.068849,-0.089736,-0.135978,0.0,-0.068849,-0.089736,-0.135978
1986:0,B,test,1986,0.894737,0.393309,1,0.0,0.007971,-0.003923,0.002346,0.0,0.007971,-0.003923,0.002346
1986:2,B,test,1986,0.894737,0.12246,0,0.0,-0.22491,-0.224909,-0.224909,0.0,-0.22491,-0.224909,-0.224909
1986:9,B,test,1986,0.894737,0.414901,0,0.0,-0.012661,0.010099,0.005338,0.0,-0.175275,0.010099,0.005338
1988:7,B,test,1988,0.62766,0.477023,0,0.0,0.0,0.003854,-0.001632,0.0,0.0,0.003854,-0.001632
1988:9,B,test,1988,0.62766,0.424142,0,0.0,0.0,0.0,-0.005977,0.0,0.0,0.0,-0.005977
1989:2,B,test,1989,0.808081,0.151354,1,0.0,0.112122,0.03136,0.112122,0.0,0.112122,0.031783,-0.124388
1989:7,B,test,1989,0.808081,0.122458,1,0.0,-0.10443,-0.137177,-0.13856,0.0,-0.10443,-0.098136,-0.09697
1992:10,B,dev,1992,0.659574,0.393309,0,0.0,-0.075736,-0.156305,0.056719,0.0,-0.075736,-0.156305,-0.119008
1995:3,B,test,1995,0.901408,0.092665,1,0.0,0.058182,-0.071239,0.037295,0.0,0.017908,-0.086281,0.037295
1995:4,B,test,1995,0.901408,0.031207,1,0.0,-0.022385,0.065017,-0.203,0.0,-1e-06,-0.024472,-0.207761
1997:5,B,dev,1997,0.792079,0.122461,1,0.0,0.062419,0.254642,-0.460215,0.0,-0.120145,0.348783,-0.09125
1:6,B,dev,1,0.96,0.457912,1,0.0,-0.009241,0.022455,0.008311,0.0,-0.009241,-0.033977,0.008311
2000:13,B,test,2000,0.789474,0.151356,1,0.0,-0.354565,-0.367137,0.153667,0.0,-0.309996,-0.107713,-0.369966
2000:2,B,test,2000,0.789474,0.231059,1,0.0,0.229442,-0.078064,-0.11561,0.0,0.103497,0.263119,0.258338
2001:9,B,test,2001,0.792079,0.380797,0,0.0,-0.0,0.010099,-0.005977,0.0,-0.0,0.010099,-0.005977
2004:11,B,dev,2004,0.775281,0.062176,0,0.0,0.119009,0.138396,0.05188,0.0,0.119009,0.053263,0.05188
2005:1,B,test,2005,0.833333,0.367036,1,0.0,0.086512,-0.062988,0.205519,0.0,-0.271845,-0.201477,-0.532581
2016:3,B,test,2016,1.0,0.317575,0,0.0,0.083324,0.02945,0.05443,0.0,0.083324,0.143607,-0.209114
2018:11,B,dev,2018,0.763441,0.179182,0,0.0,0.271842,0.208937,0.485978,0.0,-0.162246,0.193524,0.473467
2018:6,B,dev,2018,0.763441,0.298188,0,0.0,-0.21512,0.002831,-0.168879,0.0,-0.21512,0.130146,0.559008
2019:2,B,dev,2019,0.516129,0.062174,0,0.0,0.431914,0.34441,0.437622,0.0,0.236012,0.134831,0.377738
2019:5,B,dev,2019,0.516129,0.23106,0,0.0,-0.083325,0.162208,0.622365,0.0,0.622396,0.463923,0.622231
201:3,B,dev,201,0.516129,0.231059,1,0.0,-0.154843,-0.184635,-0.184634,0.0,-0.154843,-0.184635,-0.184634
2023:5,B,test,2023,0.96,0.277298,1,0.0,-0.026606,0.117002,-0.026606,0.0,-0.026606,0.021263,0.086512
2025:17,B,test,2025,0.911765,0.092668,1,0.0,-0.223705,-0.079008,-0.199849,0.0,-0.223705,-0.079008,-0.462099
2025:19,B,test,2025,0.911765,0.414901,1,0.0,-0.644334,-0.064557,-0.184633,0.0,-0.022384,0.116009,-0.184633
2026:9,B,dev,2026,0.713043,0.031212,1,0.0,-0.031209,-0.286124,-0.236995,0.0,-0.262267,-0.286124,-0.236995
2029:6,B,test,2029,0.469388,0.2773,0,0.0,0.004761,-0.017999,-0.017999,0.0,0.004761,-0.017999,-0.017999
2033:3,B,test,2033,0.95,0.298187,1,0.0,-0.231057,-0.180076,-0.529244,0.0,0.0,-0.066918,-0.529244
2034:1,B,test,2034,0.591398,0.092664,0,0.0,0.086359,-0.116012,0.073605,0.0,-0.095124,-0.116012,-0.116011
2037:4,B,dev,2037,0.901408,0.367035,1,0.0,0.135617,0.082918,0.106772,0.0,0.135617,0.082918,0.21027
2038:4,B,test,2038,0.578947,0.335481,1,0.0,-0.020318,-0.027447,-0.027447,0.0,-0.005978,-0.02844,-0.033072
2041:1,B,test,2041,0.894737,0.231059,1,0.0,-0.061454,0.160333,-0.286364,0.0,0.210388,0.160333,-0.286364
204:1,B,test,204,0.591398,0.254912,1,0.0,1e-06,0.079512,0.598092,0.0,0.025274,-0.108123,-0.21554
2050:3,B,dev,2050,0.911765,0.439914,0,0.0,-0.053261,-0.000453,-0.01025,0.0,0.052698,0.034357,-0.01025
2051:6,B,dev,2051,0.555556,0.277301,1,0.0,-0.301637,0.258336,0.258337,0.0,-0.301637,0.258336,0.258337
2059:12,B,test,2059,0.290909,0.39331,1,0.0,0.117001,0.192737,0.117001,0.0,0.117001,0.246449,0.192737
2059:6,B,test,2059,0.290909,0.432453,1,0.0,-0.001843,-0.0,0.026182,0.0,-0.001843,-0.0,0.026182
2064:3,B,test,2064,0.833333,0.367036,1,0.0,0.329394,0.132517,-0.466321,0.0,0.093385,0.006865,-0.362102
2066:2,B,dev,2066,0.62766,0.39331,1,0.0,0.21413,0.225471,-0.179174,0.0,0.051881,-0.075145,-0.179174
2069:6,B,test,2069,0.0,0.298186,1,0.0,0.031696,0.031696,0.022455,0.0,0.031696,0.031696,0.022455
2071:0,B,dev,2071,0.516129,0.432453,1,0.0,0.030832,0.01231,-0.0,0.0,0.030832,0.039144,-0.0
2075:3,B,test,2075,0.117647,0.39331,1,0.0,0.019387,-0.119008,-0.205516,0.0,0.019387,-0.080323,-0.205516
2076:7,B,test,2076,0.659574,0.298186,1,0.0,0.044826,0.016354,0.024509,0.0,0.044826,0.02875,0.024509
2077:1,B,dev,2077,0.592593,0.404651,1,0.0,-0.117002,-0.117002,-0.08651,0.0,-0.117002,-0.038332,-0.410235
2078:9,B,test,2078,0.555556,0.254915,1,0.0,-0.0,-0.0,0.049461,0.0,-0.0,-0.0,0.049461
207:6,B,test,207,0.821429,0.494089,0,0.0,-0.0,-0.00044,0.001723,0.0,-0.000546,-4.2e-05,-0.001246
2080:3,B,dev,2080,0.953846,0.414901,1,0.0,0.067128,0.041015,0.173592,0.0,0.201394,0.107303,0.173592
2080:6,B,dev,2080,0.953846,0.439913,1,0.0,0.030832,-0.376077,0.064603,0.0,0.030832,-0.128583,0.064603
2081:1,B,test,2081,0.833333,0.092671,0,0.0,-0.301634,-0.273812,0.154842,0.0,-0.301634,-0.091271,0.154842
2085:6,B,dev,2085,0.779412,0.470688,0,0.0,0.028432,0.2958,0.952021,0.0,0.707488,0.298962,0.949773
2086:1,B,test,2086,0.775281,0.335484,0,0.0,-0.132455,-0.011425,-0.05672,0.0,0.029792,-0.154841,0.153668
2087:0,B,dev,2087,0.813559,0.031209,1,0.0,-0.05188,-0.098121,-0.05188,0.0,-0.244964,-0.098121,-0.05188
2089:11,B,test,2089,0.582609,0.205784,1,0.0,-0.012661,-0.0,-0.006683,0.0,-0.012661,-0.0,-0.006683
2089:13,B,test,2089,0.582609,0.205785,1,0.0,0.097038,-0.041357,-0.041357,0.0,-0.062948,0.021151,-0.041357
208:6,B,test,208,0.62766,0.351954,1,0.0,-0.174574,0.018447,0.161249,0.0,-0.174574,0.018447,0.161249
2090:6,B,dev,2090,0.516129,0.335483,0,0.0,0.075735,0.049461,0.034378,0.0,0.075735,0.049461,0.034378
2092:1,B,dev,2092,0.636364,0.205785,1,0.0,0.0,0.020887,0.175727,0.0,0.0,0.020887,0.020887
2092:4,B,dev,2092,0.636364,0.062176,1,0.0,0.043272,0.020887,0.043272,0.0,0.043272,0.020887,0.043272
2096:3,B,test,2096,0.4,0.414901,0,0.0,-0.016077,0.001609,-0.016077,0.0,0.016995,0.003273,-0.016077
2097:6,B,dev,2097,0.96,0.151354,1,0.0,0.04913,-0.140791,0.254915,0.0,-0.202998,0.157089,0.075738
2100:3,B,dev,2100,0.851485,0.03121,0,0.0,0.029792,-0.154843,-0.061457,0.0,0.029792,-0.071941,-0.061457
2104:11,B,test,2104,0.8,0.439913,0,0.0,0.062659,0.166218,0.111788,0.0,0.062659,0.166218,-0.122339
2106:1,B,dev,2106,0.713043,0.231059,1,0.0,-0.09125,0.00069,-0.39976,0.0,-0.440035,-0.376168,-0.215127
2106:4,B,dev,2106,0.713043,0.151355,1,0.0,-0.04913,-0.172588,-0.129698,0.0,-0.04913,-0.158568,-0.129698
2109:8,B,dev,2109,0.763441,0.298186,1,0.0,-0.022455,-0.022455,0.0,0.0,-0.022455,-0.022455,0.0
2112:5,B,dev,2112,0.5,0.254914,1,0.0,0.0,-0.056905,0.383692,0.0,0.137601,0.080478,0.079418
2114:0,B,test,2114,0.697917,0.367037,1,0.0,-0.064603,-0.221326,-0.306556,0.0,-0.122428,-0.190525,-0.306556
2114:2,B,test,2114,0.697917,0.092665,1,0.0,0.071516,0.125948,0.098123,0.0,0.071516,0.125948,0.098123
2116:2,B,test,2116,0.8125,0.380797,1,0.0,-0.132454,-0.116791,-0.532213,0.0,-0.132454,-0.116791,-0.532213
2118:2,B,dev,2118,0.228261,0.062178,0,0.0,0.208855,0.098206,0.266141,0.0,0.193083,-0.203951,-0.683632
2120:4,B,dev,2120,0.62766,0.474042,0,0.0,0.004426,0.004198,-0.055527,0.0,-0.002645,0.006985,-0.055527
2125:9,B,dev,2125,0.713043,0.446597,1,0.0,0.175855,0.167694,-0.092402,0.0,0.185906,0.125954,0.116713
2127:5,B,dev,2127,0.792079,0.205782,0,0.0,0.009241,0.060472,0.017553,0.0,0.043012,0.065832,0.017553
2127:8,B,dev,2127,0.792079,0.231054,0,0.0,-0.173592,-0.071748,0.0,0.0,0.047925,-0.084796,0.0
212:3,B,test,212,0.607595,0.457912,1,0.0,0.047923,0.035262,-0.857225,0.0,0.047923,-0.103973,-0.0
2130:4,B,test,2130,0.717391,0.496406,1,0.0,0.016249,-0.005425,-0.003016,0.0,0.006198,0.000576,-0.009278
2130:8,B,test,2130,0.717391,0.452574,0,0.0,0.027175,0.024825,0.030285,0.0,0.031159,0.026165,0.003774
2132:1,B,test,2132,0.775281,0.031207,1,0.0,0.060284,-0.107163,-0.083323,0.0,0.060284,-0.051832,-0.083323
2133:1,B,dev,2133,0.894737,0.414901,1,0.0,0.061457,0.148879,0.24402,0.0,0.061457,0.148879,0.24402
2133:11,B,dev,2133,0.894737,0.491423,1,0.0,-0.013269,0.001131,0.001131,0.0,-0.013269,0.001131,0.001131
2133:8,B,dev,2133,0.894737,0.39331,1,0.0,-0.205784,0.026221,0.198864,0.0,0.071514,0.106872,0.198864
2135:6,B,test,2135,0.901408,0.151354,0,0.0,0.035263,0.047924,0.047924,0.0,0.035263,0.047924,0.047924
2137:1,B,test,2137,0.4,0.151355,1,0.0,0.030968,0.142709,-0.030489,0.0,0.030968,0.142709,0.124353
2138:1,B,test,2138,0.62766,0.414901,0,0.0,-0.075735,-0.141038,-0.05188,0.0,-0.075735,-0.056606,0.241352
2139:13,B,test,2139,0.911765,0.446596,0,0.0,0.007071,0.007071,0.002645,0.0,0.007071,0.007071,0.002645
213:1,B,test,213,0.64,0.452574,1,0.0,0.10443,0.026387,0.057826,0.0,0.10443,-0.060524,0.057826
2142:9,B,test,2142,0.2,0.277299,0,0.0,0.017552,0.0,-0.021592,0.0,0.017552,0.0,-0.021592
2143:5,B,dev,2143,0.851485,1e-06,1,0.0,-0.411867,-0.426343,-0.437444,0.0,-0.060282,-0.282553,-0.421918
2144:2,B,test,2144,0.894737,0.466914,1,0.0,0.006683,0.012661,0.006684,0.0,0.006683,0.012661,0.012661
2145:2,B,dev,2145,0.728814,0.335484,1,0.0,-0.061456,0.172857,0.259286,0.0,0.138392,-0.074745,0.259286
2147:7,B,test,2147,0.4,0.367036,0,0.0,0.083325,0.026607,0.083325,0.0,0.083325,-0.030984,-0.111788
2149:5,B,test,2149,0.747059,0.298187,0,0.0,-0.117002,-0.117002,0.0,0.0,-0.117002,-0.117002,0.0
2150:11,B,test,2150,0.811688,0.231059,1,0.0,0.113117,-0.101137,-0.061457,0.0,-0.569691,-0.244022,-0.061457
2153:8,B,test,2153,0.548387,0.380797,0,0.0,-0.110625,0.383689,-0.077115,0.0,0.874104,0.02334,0.229441
2154:2,B,test,2154,1.0,0.470688,1,0.0,0.034511,-0.000786,0.034511,0.0,0.034511,0.012755,0.034511
2157:1,B,dev,2157,0.747059,0.367036,1,0.0,0.21353,0.11387,0.030967,0.0,0.293234,0.134356,0.030967
2161:7,B,test,2161,0.851485,0.254915,0,0.0,0.120145,0.375655,0.182563,0.0,0.302709,0.244021,-0.0
2163:0,B,dev,2163,0.763441,0.367036,1,0.0,-0.0805,-0.06676,-0.201393,0.0,-0.155153,-0.06676,-0.201393
2165:15,B,test,2165,0.763441,0.457912,1,0.0,-0.149735,0.004908,0.019491,0.0,0.01025,0.041946,0.019491
2167:0,B,test,2167,0.911765,0.17918,1,0.0,-0.132455,-0.154841,-0.175727,0.0,-0.132455,-0.002681,-0.175727
2168:3,B,dev,2168,0.833333,0.317573,0,0.0,-0.028845,0.084477,0.012512,0.0,-0.028845,0.037184,0.012512
2171:2,B,test,2171,0.12963,0.122459,1,0.0,-0.040972,0.017822,0.053287,0.0,-0.024091,0.041946,0.053287
2171:5,B,test,2171,0.12963,0.062177,1,0.0,-0.046241,-0.0,-0.046241,0.0,-0.046241,-0.0,-0.046241
2173:9,B,test,2173,0.582609,0.351952,0,0.0,0.039144,0.039144,0.011341,0.0,0.039144,0.039144,0.011341
2176:10,B,dev,2176,0.747059,0.335484,0,0.0,0.19168,0.115092,-0.016076,0.0,0.065799,0.006683,-0.016076
2178:11,B,dev,2178,0.571429,7e-06,1,0.0,-0.057828,0.084927,-0.06917,0.0,-0.057828,-0.057829,-0.06917
2179:2,B,test,2179,0.8125,0.15135,1,0.0,0.282192,0.174984,0.253301,0.0,0.282192,0.14974,0.253301
217:1,B,dev,217,0.851485,0.205783,1,0.0,-0.080568,-0.062659,-0.080568,0.0,-0.080568,-0.062659,-0.080568
2182:1,B,test,2182,0.747059,0.179179,1,0.0,-0.031208,-0.057239,0.147969,0.0,-0.031208,-0.031207,1e-06
2182:2,B,test,2182,0.747059,0.031207,1,0.0,0.05443,0.174737,0.14361,0.0,0.05443,0.143608,0.14361
2183:8,B,test,2183,0.951807,0.39331,0,0.0,-0.197659,0.140436,0.750306,0.0,0.736929,-0.040426,0.679057
2185:3,B,dev,2185,0.728814,0.231061,1,0.0,-0.12246,-0.09125,-0.091251,0.0,-0.12246,-0.09125,-0.091251
2186:6,B,test,2186,0.289157,0.179179,1,0.0,0.058688,-0.065522,0.086512,0.0,-0.185332,-0.154842,0.086512
2186:7,B,test,2186,0.289157,0.031211,0,0.0,-0.023857,-0.049131,-2e-06,0.0,-0.023857,-0.086837,-2e-06
2189:5,B,dev,2189,0.455696,0.231059,1,0.0,-0.113118,-0.086512,-0.162247,0.0,-0.113118,-0.086512,-0.162247
2189:6,B,dev,2189,0.455696,0.031208,1,0.0,-0.156306,-0.054881,-0.156305,0.0,-0.156306,-0.156306,-0.156305
2192:4,B,dev,2192,0.894737,0.254917,1,0.0,-0.266977,0.253328,-0.465621,0.0,0.06242,-0.12475,-0.4652
2198:6,B,test,2198,0.12963,0.062175,0,0.0,0.071516,0.049131,0.146169,0.0,0.071516,0.049131,0.146169
2200:5,B,dev,2200,0.821429,0.39331,0,0.0,-0.08261,0.005092,0.236008,0.0,-0.08261,0.105306,0.477359
2205:0,B,dev,2205,0.228261,0.351953,0,0.0,0.08651,0.179177,0.271845,0.0,0.08651,0.094206,0.271845
2205:5,B,dev,2205,0.228261,0.122459,0,0.0,-0.138396,-0.195115,-0.224908,0.0,-0.138396,-0.195115,-0.224908
2206:2,B,dev,2206,0.5,0.122461,1,0.0,1e-06,0.058193,-0.0924,0.0,1e-06,0.058193,0.054432
2207:5,B,test,2207,0.289157,0.457912,0,0.0,-0.095122,-0.08951,0.092401,0.0,0.043272,-0.08951,0.092401
2209:2,B,test,2209,0.833333,0.17918,1,0.0,0.154841,-0.016383,-0.300645,0.0,-0.08651,-0.016383,-0.300645
2211:1,B,test,2211,0.8,0.062174,1,0.0,-0.029791,-0.01864,-0.138393,0.0,-0.029791,-0.058689,-0.138393
2215:3,B,dev,2215,0.728814,0.424142,1,0.0,0.209115,0.09638,0.175011,0.0,0.209115,0.226667,0.175011
2216:6,B,dev,2216,0.911765,0.367035,1,0.0,0.0,0.025459,0.017999,0.0,0.0,0.025459,0.017999
2218:0,B,dev,2218,0.289157,0.404651,0,0.0,0.058689,-0.104004,0.120145,0.0,-0.200596,-0.007413,0.120145
2218:1,B,dev,2218,0.289157,0.092669,0,0.0,-0.0,-0.080117,0.103561,0.0,-0.0,-0.028895,0.103561
2218:2,B,dev,2218,0.289157,0.151357,0,0.0,0.029794,-0.174303,0.11312,0.0,0.029794,-0.133484,-0.030487
2220:0,B,dev,2220,0.811688,0.179176,1,0.0,0.015085,-0.028209,-0.047865,0.0,-0.124388,0.035143,-0.103653
2222:2,B,test,2222,0.228261,0.40465,1,0.0,0.030426,-0.014145,-0.008914,0.0,0.030426,-0.014207,-0.008914
2222:4,B,test,2222,0.228261,0.484094,1,0.0,-0.16125,-0.255135,0.095637,0.0,-0.16125,0.025613,-0.049462
2231:4,B,test,2231,0.792079,0.231059,0,0.0,0.147968,0.139129,0.117001,0.0,0.179178,0.465721,-0.119008
2237:12,B,dev,2237,0.8125,0.367036,0,0.0,0.014143,0.00746,0.020121,0.0,0.014143,0.00746,0.020121
223:5,B,dev,223,0.811688,0.498499,0,0.0,0.000358,-0.002027,-0.001272,0.0,0.000531,-0.001177,-0.002262
2240:2,B,test,2240,0.578947,0.205787,1,0.0,-0.27381,-0.21904,-0.562373,0.0,1e-06,-0.192472,-0.562373
2243:4,B,dev,2243,0.792079,0.446597,1,0.0,0.01025,0.019491,0.01025,0.0,0.01025,0.019491,0.01025
2246:9,B,test,2246,0.2,0.335482,0,0.0,-0.023853,-0.023853,-0.011341,0.0,-0.023853,-0.023853,-0.011341
2248:7,B,test,2248,0.545455,0.380796,1,0.0,0.025012,0.025012,0.00746,0.0,0.025012,0.025012,0.00746
2250:1,B,dev,2250,0.916667,0.424142,1,0.0,-0.031552,0.006238,-0.546212,0.0,0.090877,0.006238,-0.546212
2250:2,B,dev,2250,0.916667,0.39331,1,0.0,2e-06,-0.062167,-0.497316,0.0,0.029794,-0.092584,-0.369966
2251:3,B,dev,2251,0.386364,0.254916,0,0.0,-0.254914,0.023927,0.205783,0.0,0.298188,-0.219515,-0.179178
2251:4,B,dev,2251,0.386364,0.277301,0,0.0,-0.154841,-0.016117,0.389351,0.0,0.33979,-0.007578,0.029793
2255:8,B,test,2255,0.5,0.39331,1,0.0,0.184127,0.112767,0.10356,0.0,-0.058688,0.171104,0.241953
2256:5,B,test,2256,0.62766,0.122461,1,0.0,0.083326,0.174896,0.05443,0.0,0.083326,0.113118,0.205784
2258:3,B,test,2258,0.964912,0.494089,1,0.0,0.005739,-0.004108,0.003016,0.0,0.005739,0.028607,0.005739
225:8,B,dev,225,0.851485,0.404651,0,0.0,0.615761,0.403327,0.020887,0.0,-0.095122,-0.116714,0.390853
2264:3,B,dev,2264,0.747059,0.380796,1,0.0,0.161254,-0.033293,-0.013761,0.0,0.161254,1e-06,-0.013761
2267:6,B,test,2267,0.2,0.367036,1,0.0,0.408509,-0.04774,0.215122,0.0,0.289775,-0.039825,0.384418
2268:2,B,test,2268,0.552941,0.482014,1,0.0,0.140338,0.149339,-0.805143,0.0,0.140338,0.149339,-0.684609
226:2,B,test,226,0.455696,0.062176,1,0.0,0.075736,0.053138,0.075736,0.0,0.075736,0.095123,0.075736
2271:7,B,dev,2271,0.548387,0.414901,0,0.0,0.156304,-0.057825,0.486835,0.0,-0.031552,-0.057825,0.830875
2273:11,B,dev,2273,0.96,0.2773,1,0.0,-0.024449,-0.01434,-0.010099,0.0,-0.024449,-0.01434,-0.010099
2273:7,B,dev,2273,0.96,0.062177,1,0.0,0.027824,0.117002,0.117002,0.0,0.027824,0.117002,0.117002
2275:2,B,dev,2275,0.964912,0.231061,1,0.0,-0.246793,0.190542,-0.240815,0.0,-0.283232,-0.065573,0.026607
2276:4,B,dev,2276,0.697917,0.446596,1,0.0,-0.01613,-0.009002,-0.009002,0.0,-0.01613,-0.009002,-0.009002
2278:5,B,test,2278,0.894737,0.205784,0,0.0,-0.063224,-0.028845,-0.013761,0.0,-0.063224,-0.028845,-0.028845
2283:3,B,test,2283,0.851485,0.452574,0,0.0,0.025459,0.026954,0.064746,0.0,0.025459,0.054838,0.05656
2284:2,B,dev,2284,0.697917,0.151359,0,0.0,-0.179178,-0.210389,-0.410235,0.0,-0.179178,-0.210389,-0.514659
2284:4,B,dev,2284,0.697917,0.151357,0,0.0,0.146169,-0.181565,-0.236994,0.0,-0.503969,0.11179,0.161251
2285:4,B,test,2285,0.813559,0.231056,1,0.0,-0.015085,-0.019231,-0.028847,0.0,0.172773,0.087829,0.097037
2288:4,B,dev,2288,0.469388,0.062176,1,0.0,-0.040275,-0.040275,-0.089735,0.0,-0.040275,0.005857,-0.089735
2288:6,B,dev,2288,0.469388,0.424142,1,0.0,0.085538,0.030672,-0.367033,0.0,0.085538,0.090876,-0.367033
2289:0,B,test,2289,0.2,4e-06,1,0.0,-0.267959,-0.14487,-0.610436,0.0,-0.267959,-0.267959,-0.610436
2292:3,B,dev,2292,0.813559,0.470688,1,0.0,-0.00298,0.007071,-0.731936,0.0,-0.00298,-0.02319,-0.731936
2296:2,B,dev,2296,0.867925,0.40465,0,0.0,-0.008312,-0.008311,-0.051657,0.0,-0.008312,-0.008311,-0.051657
2296:7,B,dev,2296,0.867925,0.254915,1,0.0,0.125944,0.184633,0.215123,0.0,0.125944,0.184633,0.215123
2298:0,B,test,2298,0.792079,0.479668,1,0.0,0.145098,0.072672,-0.195115,0.0,0.145098,0.099528,0.140337
2298:10,B,test,2298,0.792079,0.335484,0,0.0,-0.030967,-0.091249,-0.061456,0.0,-0.030967,-0.091249,-0.223704
2298:2,B,test,2298,0.792079,0.298188,1,0.0,-0.093385,0.159942,0.030489,0.0,0.215122,0.064487,0.030489
2299:13,B,test,2299,0.813559,0.179179,0,0.0,0.122459,-0.071257,0.092666,0.0,0.122459,-0.031209,0.092666
2299:6,B,test,2299,0.813559,0.12246,0,0.0,-0.123876,-0.102749,0.086511,0.0,-0.03049,-0.061457,-0.061457
229:5,B,dev,229,0.95,0.151356,1,0.0,0.184635,0.100545,0.0,0.0,-0.056718,0.0,0.0
22:0,B,dev,22,0.5,0.231059,1,0.0,-0.089176,0.093365,-0.143606,0.0,-0.168881,-0.089176,-0.143606
2302:13,B,dev,2302,0.951807,0.151355,0,0.0,0.620277,0.244919,-0.083326,0.0,0.244919,0.135504,0.215126
2303:2,B,test,2303,0.747059,0.254914,1,0.0,-0.023854,-0.023854,-0.043345,0.0,-0.023854,-0.023854,-0.043345
2305:10,B,test,2305,0.62766,0.351954,1,0.0,0.022385,-0.162247,-0.192737,0.0,0.022385,-0.162247,-0.192737
2305:4,B,test,2305,0.62766,0.179179,1,0.0,-0.092667,0.009,0.179178,0.0,-0.092667,0.009,-0.092666
2307:4,B,dev,2307,0.64,0.432454,1,0.0,-0.14797,-0.183429,-0.603323,0.0,0.075734,-0.117505,-0.661196
2309:2,B,test,2309,0.789474,0.351952,0,0.0,-0.038532,-0.03022,-0.038531,0.0,-0.038532,-0.03022,-0.038531
2310:5,B,dev,2310,0.697917,0.277301,1,0.0,-0.092665,0.037189,-0.092666,0.0,-0.092665,0.037189,-0.092666
2311:3,B,test,2311,0.697917,0.351954,1,0.0,-0.119008,-0.164302,-0.205518,0.0,-0.119008,-0.164302,-0.205518
2313:2,B,test,2313,0.901408,0.335482,1,0.0,0.049131,-0.133705,-0.138395,0.0,-0.097038,-0.085578,-0.177539
2316:10,B,dev,2316,0.713043,0.470688,0,0.0,-0.089891,-0.077115,0.611853,0.0,-0.089891,-0.077115,0.349586
2316:9,B,dev,2316,0.713043,0.39331,0,0.0,-0.052697,0.128704,0.847343,0.0,-0.052697,0.056811,0.703904
2320:12,B,test,2320,0.833333,0.393309,1,0.0,-0.143608,0.115925,0.025274,0.0,0.04913,0.115925,0.025274
2320:5,B,test,2320,0.833333,0.335484,1,0.0,-0.092667,0.113117,0.058688,0.0,-0.092667,0.113117,0.058688
2322:6,B,dev,2322,0.811688,0.231058,1,0.0,0.062264,0.052013,0.086118,0.0,0.062264,0.052013,0.086118
2323:4,B,dev,2323,0.578947,0.432453,0,0.0,0.011991,-0.018025,-0.030426,0.0,-0.00298,0.02023,-0.030426
2325:1,B,dev,2325,0.779412,0.404651,1,0.0,-0.054429,0.036013,-0.483084,0.0,-0.054429,0.098631,-0.174573
2326:11,B,test,2326,0.813559,0.092665,0,0.0,-0.090877,-0.122429,-0.140338,0.0,-0.090877,-0.122429,-0.140338
2330:13,B,dev,2330,0.571429,0.367036,1,0.0,-0.162248,-0.075736,-0.075736,0.0,0.0,0.028467,-0.075736
2333:2,B,dev,2333,0.552941,0.317571,1,0.0,-0.065419,-0.083138,-0.099882,0.0,-0.065419,-0.0771,-0.072881
2334:2,B,dev,2334,0.901408,0.151355,1,0.0,-0.168882,-0.138655,-0.289776,0.0,-0.168882,-0.171001,-0.289776
2335:0,B,test,2335,0.792079,0.298188,1,0.0,0.10356,0.103152,1e-06,0.0,0.10356,-0.12445,-0.182562
2335:5,B,test,2335,0.792079,0.470688,1,0.0,0.015771,-0.329358,-0.486316,0.0,0.015771,0.042772,-0.486316
2337:3,B,test,2337,0.775281,0.062179,1,0.0,-0.062659,-0.199744,-0.219129,0.0,-0.169228,-0.112121,-0.197661
2338:6,B,test,2338,0.548387,0.277301,0,0.0,-0.058688,-0.123088,-0.113118,0.0,-0.205518,-0.184632,-0.113118
233:0,B,test,233,0.5,0.414901,1,0.0,0.022455,-0.281254,-0.921669,0.0,-0.057105,-0.24388,-0.817451
2341:3,B,dev,2341,0.813559,0.231057,1,0.0,0.037298,0.020847,-0.016468,0.0,0.037298,-0.005009,-0.016468
2350:4,B,test,2350,0.792079,0.254915,1,0.0,-0.089178,0.036143,-0.058688,0.0,0.079703,0.036143,-0.058688
2355:3,B,dev,2355,0.811688,0.231059,1,0.0,-0.061456,0.013112,0.259286,0.0,-0.061456,0.013112,0.058689
235:7,B,dev,235,0.911765,0.351952,1,0.0,-0.079418,-0.026312,0.058185,0.0,-0.079418,0.037297,0.335483
2361:7,B,test,2361,0.964912,0.404651,1,0.0,0.213023,0.056719,0.132455,0.0,0.056719,0.119338,0.132455
2364:3,B,test,2364,0.4,0.12246,0,0.0,-0.267961,0.216283,0.23601,0.0,0.030489,0.026387,0.23601
2367:5,B,test,2367,0.713043,0.452574,1,0.0,0.030774,0.015514,0.030774,0.0,0.030774,-0.040117,-0.122338
236:6,B,test,236,0.4,0.424142,0,0.0,-0.173591,-0.079527,0.138393,0.0,-0.173591,-0.079527,-0.16225
2377:12,B,dev,2377,0.833333,0.231063,0,0.0,0.539267,-0.086514,0.589078,0.0,0.03049,-0.074472,-0.113117
237:4,B,test,237,0.576271,0.231057,1,0.0,0.027803,-0.00746,0.339788,0.0,0.027803,-0.00746,0.039145
2380:5,B,test,2380,0.26,0.277299,0,0.0,0.062948,0.062949,0.07219,0.0,0.062948,0.062949,0.07219
2384:7,B,dev,2384,0.64,0.335485,1,0.0,-0.089177,0.288554,0.272782,0.0,-0.089177,0.15232,0.272782
2388:4,B,test,2388,0.592593,0.479668,1,0.0,0.017552,-0.053173,0.043011,0.0,-0.137601,-0.269564,0.043011
2388:5,B,test,2388,0.592593,0.351953,1,0.0,0.080567,-0.001051,-0.162247,0.0,0.080567,0.029838,-0.162247
2391:5,B,dev,2391,0.410256,0.452574,1,0.0,0.010686,0.015112,0.015112,0.0,0.010686,0.015112,0.015112
2393:2,B,test,2393,0.875,0.466914,1,0.0,-0.180612,-0.131912,-0.226853,0.0,-0.306557,-0.025705,-0.005338
2395:12,B,test,2395,0.763441,0.179179,1,0.0,0.0,0.120894,0.120895,0.0,0.0,0.120894,0.120895
2395:4,B,test,2395,0.763441,0.205785,1,0.0,-0.273307,-0.192738,-0.168882,0.0,-0.273307,-0.192738,-0.168882
2395:5,B,test,2395,0.763441,0.439913,0,0.0,-0.002346,-0.007971,-0.0151,0.0,-0.002346,-0.007971,-0.0151
2401:3,B,dev,2401,0.428571,0.40465,1,0.0,0.047215,0.016995,-0.002346,0.0,0.047215,0.016995,-0.002346
2402:5,B,dev,2402,0.747059,0.39331,1,0.0,-0.744214,-0.073887,0.103497,0.0,-0.554597,-0.140258,0.103497
2403:1,B,test,2403,0.789474,0.452574,1,0.0,0.0,-0.00746,0.006683,0.0,0.0,-0.00746,0.006683
2403:10,B,test,2403,0.789474,0.404651,1,0.0,-0.215122,-0.098121,-0.046242,0.0,-0.215122,-0.098121,-0.046242
2405:2,B,test,2405,0.901408,0.092666,1,0.0,0.067129,0.103329,-0.019387,0.0,0.067129,0.103329,-0.019387
2406:2,B,test,2406,0.747059,0.062181,0,0.0,0.092667,8e-05,-0.151352,0.0,0.122459,8e-05,-0.151352
240:6,B,dev,240,0.911765,0.457912,0,0.0,-0.023853,-0.059116,0.559973,0.0,-0.023853,-0.034823,0.045313
2412:13,B,test,2412,0.894737,0.477023,0,0.0,0.241953,0.012241,-0.090784,0.0,0.241953,0.012241,-0.090784
2412:3,B,test,2412,0.894737,0.432454,0,0.0,-0.106567,0.111645,0.255397,0.0,-0.106567,0.194882,-0.106567
2413:5,B,test,2413,0.12963,0.062175,0,0.0,-0.058184,-0.080568,-0.184128,0.0,-0.058184,-0.115088,-0.080568
2414:4,B,test,2414,0.811688,0.151356,0,0.0,0.215124,0.12309,0.184634,0.0,0.215124,0.12309,0.184634
2420:6,B,dev,2420,0.228261,0.205781,0,0.0,0.089732,-0.01834,0.020888,0.0,-0.215125,-0.00185,0.206795
2422:0,B,test,2422,0.775281,0.151353,0,0.0,-0.086517,-0.086519,-2e-06,0.0,-0.086517,-0.086519,-2e-06
2424:3,B,test,2424,0.894737,0.492423,1,0.0,0.039849,0.015469,0.010409,0.0,0.00341,0.008329,0.004854
2425:7,B,test,2425,0.964912,0.466914,1,0.0,0.009994,0.021887,0.029016,0.0,0.009994,0.021887,0.029016
2427:7,B,test,2427,0.813559,0.446597,0,0.0,0.740134,0.288311,-0.035263,0.0,-0.01025,0.152889,0.311982
242:1,B,dev,242,0.808081,0.491423,1,0.0,0.0,-0.017828,0.0,0.0,0.0,0.043838,0.055526
242:11,B,dev,242,0.808081,0.254915,1,0.0,-0.286123,-0.138653,-0.192738,0.0,-0.10356,-0.129123,-0.192738
2431:3,B,test,2431,0.747059,0.479668,0,0.0,0.007129,0.007129,0.069392,0.0,0.007129,0.007129,0.021469
2436:7,B,dev,2436,0.5,0.492423,0,0.0,-0.008186,-0.009434,-0.00311,0.0,-0.008186,-0.002919,-0.008186
243:4,B,dev,243,0.410256,1e-06,1,0.0,0.184635,-0.024291,0.060282,0.0,0.184635,-0.078373,0.060282
2440:2,B,dev,2440,0.26,0.298187,1,0.0,0.125944,-0.089178,0.146831,0.0,-0.058689,0.039314,0.146831
2441:11,B,test,2441,0.789474,0.0,1,0.0,-0.023857,0.079703,0.1086,0.0,-0.023857,0.079703,0.1086
2444:2,B,dev,2444,1.0,0.23106,0,0.0,-0.182565,-0.182565,-0.123876,0.0,-0.262267,-0.182565,-0.093386
2444:3,B,dev,2444,1.0,0.062175,0,0.0,-0.069364,-0.038532,-0.058023,0.0,-0.069364,-0.038532,-0.058023
2448:11,B,test,2448,0.545455,0.2773,0,0.0,-0.182563,-0.172312,-0.028895,0.0,0.054429,-0.244021,-0.244021
2449:1,B,test,2449,0.96,0.031213,1,0.0,-0.008312,0.005294,-0.072265,0.0,-0.063427,-0.060947,0.106568
2449:10,B,test,2449,0.96,0.17918,0,0.0,-0.236993,-0.470963,-0.446108,0.0,0.0,-0.461586,-0.463661
2454:8,B,dev,2454,0.717391,0.298186,0,0.0,-0.0658,-0.022455,-0.022455,0.0,-0.0658,-0.022455,-0.022455
2456:9,B,test,2456,1.0,0.414901,0,0.0,0.041946,0.041946,0.053262,0.0,0.041946,0.041946,0.053262
2457:6,B,test,2457,0.951807,0.487568,0,0.0,-0.001131,-0.003854,-0.642778,0.0,-0.001131,-0.002569,-0.843375
2459:3,B,dev,2459,0.15,0.205787,1,0.0,0.330529,0.110176,0.210387,0.0,0.027825,-0.075159,1e-06
2461:3,B,test,2461,0.811688,0.367036,1,0.0,-0.434092,-0.465143,-0.648223,0.0,-0.317089,-0.259301,-0.62195
2463:2,B,dev,2463,0.953846,0.277302,1,0.0,0.379746,0.105183,0.213528,0.0,0.379746,0.172391,0.213528
2467:0,B,dev,2467,0.228261,0.092668,1,0.0,-0.113118,-0.0922,-0.184634,0.0,-0.113118,-0.184633,-0.184634
2469:3,B,dev,2469,0.117647,0.317575,0,0.0,-0.074653,0.474742,-0.089735,0.0,0.399757,0.341823,0.428654
2470:1,B,dev,2470,0.91244,0.367036,1,0.0,0.026274,-0.139199,-0.48949,0.0,0.026274,-0.388476,-0.86511
2476:1,B,dev,2476,0.792079,0.298187,1,0.0,-0.496753,-0.086512,-0.179178,0.0,-0.027824,-0.086512,-0.056719
2479:1,B,test,2479,0.970111,0.39331,1,0.0,-0.14683,-0.019616,-0.596372,0.0,-0.14683,0.05317,-0.596372
2479:4,B,test,2479,0.970111,0.205786,1,0.0,0.192738,0.215122,-0.213532,0.0,0.192738,-0.011194,-0.213532
2482:2,B,test,2482,0.9,0.12246,1,0.0,0.062659,0.12828,0.379751,0.0,0.062659,0.063067,0.111789
2484:11,B,test,2484,0.591398,0.231058,1,0.0,-0.017999,0.00746,-0.0,0.0,-0.017999,0.00746,-0.0
248:7,B,dev,248,0.813559,0.17918,1,0.0,-0.369965,-0.350405,0.089736,0.0,-0.629252,-0.53804,-0.215122
2491:3,B,test,2491,0.0,0.23106,1,0.0,0.071515,-0.0,-0.169298,0.0,0.071515,-0.0,-0.169298
2495:6,B,dev,2495,0.95,0.092669,0,0.0,0.034377,-0.019389,-0.040276,0.0,0.034377,-0.118785,-0.040276
2496:0,B,test,2496,0.62766,0.351954,0,0.0,0.062171,0.189106,0.293232,0.0,0.062171,0.062172,0.293232
2496:10,B,test,2496,0.62766,0.205786,0,0.0,-0.117001,0.093384,-0.168881,0.0,-0.117001,0.023256,-0.168881
2497:3,B,test,2497,0.901408,0.393309,1,0.0,0.020121,0.005978,-0.0,0.0,0.020121,-0.000795,-0.0
2499:5,B,dev,2499,0.548387,0.335484,1,0.0,-0.262268,0.282381,0.174575,0.0,-0.286124,0.058847,0.174575
24:2,B,test,24,0.775281,0.298185,1,0.0,0.022385,-0.023376,-0.040272,0.0,0.125945,-0.077648,-0.040272
2502:6,B,dev,2502,0.875,0.482014,1,0.0,0.01435,-0.004991,0.271241,0.0,0.01435,0.0143,0.539201
2503:13,B,test,2503,0.894737,0.457912,1,0.0,0.246088,0.41776,0.445809,0.0,0.030967,0.080615,0.445809
2507:3,B,test,2507,0.697917,0.424141,1,0.0,-0.017066,-0.015761,-0.022173,0.0,-0.011991,-0.021909,0.794597
2508:9,B,test,2508,0.717391,0.179177,0,0.0,-0.03413,-0.027446,-0.027446,0.0,-0.03413,-0.027446,-0.027446
2510:0,B,test,2510,0.789474,0.335484,1,0.0,-0.236009,-0.151436,-0.175726,0.0,-0.236009,-0.151436,-0.175726
2512:0,B,dev,2512,0.713043,0.031211,1,0.0,0.132457,0.023858,-0.062658,0.0,0.132457,0.023858,-0.062658
2512:2,B,dev,2512,0.713043,0.367036,1,0.0,0.108599,0.151647,-0.215125,0.0,0.244576,0.090271,-0.215125
2514:13,B,dev,2514,0.808081,0.335484,0,0.0,0.0,-0.105814,0.339476,0.0,0.0,0.252175,-0.215122
2515:2,B,test,2515,0.548387,0.367035,1,0.0,0.030775,0.024091,0.046546,0.0,0.030775,0.024091,0.046546
2519:21,B,dev,2519,0.5,0.470688,1,0.0,0.010099,-0.003383,-0.008015,0.0,0.164487,0.006536,-0.033257
2520:12,B,dev,2520,0.455696,0.031212,1,0.0,-1e-06,0.038804,-0.123876,0.0,-1e-06,0.038804,0.120144
2523:2,B,test,2523,0.851485,0.205784,1,0.0,0.162249,0.255546,-0.207758,0.0,0.103561,0.132456,0.04913
2524:21,B,dev,2524,0.4,0.122456,0,0.0,0.089736,-0.045293,0.103499,0.0,0.089736,0.035359,0.103499
2539:4,B,test,2539,0.911765,0.439913,1,0.0,0.03351,0.020735,0.058969,0.0,0.03351,0.010989,0.058969
2539:5,B,test,2539,0.911765,0.298187,1,0.0,-0.113117,-0.166864,-0.699874,0.0,0.129698,-0.096735,-0.236992
2542:2,B,dev,2542,0.953846,0.367036,1,0.0,0.347581,0.286125,0.223707,0.0,0.347581,0.096129,0.223707
2543:3,B,test,2543,0.582609,0.317574,1,0.0,-0.030833,-0.021592,0.012512,0.0,-0.030833,-0.021592,0.012512
2545:5,B,test,2545,0.2,0.367036,0,0.0,0.146832,0.036019,0.146831,0.0,0.146832,0.146831,0.146831
254:1,B,test,254,0.813559,0.205785,1,0.0,-0.123876,-0.033261,-0.210388,0.0,0.120144,-0.033261,-0.210388
2551:8,B,test,2551,0.95,0.439913,0,0.0,0.030775,0.03413,0.006683,0.0,0.030775,0.03413,0.006683
2552:1,B,test,2552,0.867925,0.424142,1,0.0,0.175009,0.088897,0.071514,0.0,0.175009,0.175009,0.071514
2555:3,B,dev,2555,0.813559,0.298188,0,0.0,-0.080568,0.359828,-0.0,0.0,-0.080568,0.35431,-0.0
255:2,B,test,255,0.833333,0.2773,1,0.0,0.028896,0.028895,0.028896,0.0,0.028896,0.110535,0.028896
255:4,B,test,255,0.833333,0.393309,1,0.0,-0.056719,0.0,-0.027823,0.0,-0.056719,0.046132,-0.027823
2561:11,B,dev,2561,0.26,0.031207,1,0.0,-0.037297,-0.019388,-0.053767,0.0,-0.037297,-0.019388,-0.053767
2563:3,B,test,2563,0.578947,0.122457,1,0.0,0.348784,0.012748,0.111789,0.0,0.348784,0.126906,0.111789
2563:7,B,test,2563,0.578947,0.092668,1,0.0,-0.161251,-0.09091,0.205784,0.0,-0.209117,-0.154962,0.205784
2568:2,B,test,2568,0.775281,0.231058,1,0.0,0.01434,0.029219,0.027001,0.0,0.034461,0.027219,0.027001
2572:3,B,dev,2572,0.818182,0.254915,0,0.0,-0.162248,0.022384,0.080569,0.0,0.097038,-0.254915,-0.103561
2575:3,B,test,2575,0.552941,0.23106,1,0.0,0.031209,-0.153978,0.205784,0.0,-0.254914,-0.030656,0.205784
2578:0,B,test,2578,0.26,0.367033,1,0.0,-0.125956,-0.106464,-0.154389,0.0,-0.125956,-0.106464,-0.154389
2589:2,B,dev,2589,1.0,0.335484,1,0.0,0.061457,0.187011,-0.30851,0.0,-0.236993,-0.11922,0.09125
2597:0,B,test,2597,0.684396,0.179177,1,0.0,0.125957,0.07219,0.057107,0.0,0.125957,0.07219,0.057107
2598:0,B,test,2598,0.75,0.298188,1,0.0,0.067127,0.054027,-0.108598,0.0,-0.168879,-0.012839,0.086514
2598:9,B,test,2598,0.75,0.335485,1,0.0,0.351951,0.380795,-0.179177,0.0,0.351951,0.380795,0.351951
25:21,B,test,25,0.894737,0.031208,1,0.0,0.173592,0.103974,0.198866,0.0,0.282192,0.219723,0.037615
2600:3,B,dev,2600,0.833333,0.092662,1,0.0,-0.080501,-0.092417,-0.132142,0.0,-0.100622,0.205796,-0.114963
2602:1,B,test,2602,0.555556,0.122458,1,0.0,-0.074652,0.215124,0.215124,0.0,-0.074652,0.044858,0.215124
2604:10,B,dev,2604,0.290909,0.380797,1,0.0,-0.089178,0.103559,0.125944,0.0,-0.089178,0.130415,0.125944
2604:9,B,dev,2604,0.290909,0.277301,1,0.0,0.027823,0.271844,0.271844,0.0,0.027823,0.271844,0.271844
2607:2,B,dev,2607,0.455696,0.298183,1,0.0,0.07219,0.028594,-0.008311,0.0,0.07219,0.032814,-0.008311
2608:4,B,dev,2608,0.555556,0.39331,1,0.0,0.04913,0.026657,0.111789,0.0,-0.174574,-0.058475,0.111789
260:4,B,dev,260,0.289157,0.254914,1,0.0,0.026274,-0.011341,0.012513,0.0,0.026274,-0.011341,0.012513
260:9,B,dev,260,0.289157,0.122458,1,0.0,0.019388,-0.0,0.06266,0.0,0.019388,-0.0,0.06266
2611:8,B,test,2611,0.947368,0.351953,1,0.0,0.1297,0.104426,0.129699,0.0,0.335484,0.104426,0.129699
2613:5,B,test,2613,0.851485,0.490292,1,0.0,-0.052013,-0.067165,-0.020317,0.0,-0.052013,-0.012274,-0.020317
2618:1,B,dev,2618,0.96,0.231058,1,0.0,0.156305,0.104425,0.104426,0.0,0.156305,0.104425,0.104426
2618:4,B,dev,2618,0.96,0.446597,1,0.0,0.0144,0.024509,0.024509,0.0,0.003854,0.024509,0.024509
262:5,B,test,262,0.289157,0.031212,1,0.0,0.025274,0.111606,0.051881,0.0,0.231059,0.171332,0.051881
262:7,B,test,262,0.289157,0.062174,1,0.0,0.034379,0.009133,0.034378,0.0,0.034379,0.034378,0.034378
2631:2,B,dev,2631,0.469388,0.482014,1,0.0,0.012513,0.034104,-0.17501,0.0,-0.082609,0.034104,-0.17501
2631:3,B,dev,2631,0.469388,0.17918,1,0.0,-0.092666,-0.031186,0.151354,0.0,-0.367036,0.060084,0.12246
2632:1,B,test,2632,0.901408,0.231059,1,0.0,-0.49463,0.060283,0.060282,0.0,0.060283,-0.154842,-0.154842
2635:4,B,dev,2635,0.833333,0.317575,0,0.0,-0.106463,-0.047008,0.20552,0.0,-0.106463,0.022696,1e-06
2636:1,B,test,2636,0.592593,0.15135,1,0.0,-0.432605,-0.318286,-0.342475,0.0,0.0,-0.41737,-0.429248
2638:3,B,test,2638,0.886364,0.367036,1,0.0,0.089178,0.136781,0.060283,0.0,0.089178,0.060284,0.289775
2638:6,B,test,2638,0.886364,0.031212,1,0.0,-0.35991,-0.118635,-0.162248,0.0,-0.138393,-0.284965,-0.162248
263:2,B,dev,263,0.811688,0.446597,1,0.0,0.231057,0.192306,0.317573,0.0,0.439911,0.281466,0.457911
2641:4,B,dev,2641,0.851485,0.298188,1,0.0,-0.146169,0.218085,-0.025273,0.0,-0.161252,-0.119939,-0.22667
2644:1,B,dev,2644,0.894737,0.351953,1,0.0,-0.273304,-0.017909,-0.273305,0.0,-0.273304,-0.208817,-0.273305
2645:8,B,test,2645,0.516129,0.424142,0,0.0,0.004241,0.004241,-0.0,0.0,0.004241,0.004241,-0.0
2646:0,B,test,2646,1.0,0.151359,1,0.0,0.357138,0.165306,-0.11179,0.0,-0.161252,0.087473,-0.071514
2648:1,B,dev,2648,0.964912,0.479668,1,0.0,-0.025013,-0.054205,-0.046604,0.0,-0.025013,-0.0,-0.046604
2648:2,B,dev,2648,0.964912,0.404651,1,0.0,0.020887,-0.083832,0.040275,0.0,-0.246089,-0.012824,-0.215122
2653:3,B,test,2653,0.713043,0.205786,1,0.0,0.027825,0.275549,0.330533,0.0,0.027825,0.275549,0.330533
2655:2,B,test,2655,0.894737,0.151355,1,0.0,0.273815,0.222613,0.05869,0.0,0.120147,0.262662,0.05869
2656:0,B,test,2656,0.747059,0.062174,1,0.0,0.040276,0.0,-0.106569,0.0,0.040276,0.0,-0.106569
2660:2,B,test,2660,0.728814,0.062179,1,0.0,0.273815,0.090443,-0.325669,0.0,0.05869,0.090443,-0.325669
2662:5,B,dev,2662,0.593872,0.470688,1,0.0,0.058022,-0.184098,0.053261,0.0,0.058022,-0.243979,-0.28219
2666:5,B,dev,2666,0.578947,0.446597,1,0.0,-0.710729,-0.079174,0.201392,0.0,0.104423,-0.092599,-0.529247
2670:11,B,dev,2670,0.591398,0.151354,1,0.0,-0.068849,-0.053766,-0.037296,0.0,-0.068849,-0.053766,-0.037296
2670:3,B,dev,2670,0.591398,0.414901,1,0.0,0.0,-0.015772,-0.015771,0.0,0.0,-0.015772,-0.015771
2671:5,B,dev,2671,0.930302,0.122461,1,0.0,0.058688,-0.154843,0.13839,0.0,0.058688,-0.154843,-0.092667
2672:2,B,test,2672,0.12963,0.470688,1,0.0,-0.012512,-0.025576,0.030832,0.0,-0.012512,0.030832,-0.885732
2673:11,B,dev,2673,0.813559,0.470688,1,0.0,-0.003357,0.170373,0.024509,0.0,-0.008025,-0.007483,-0.004984
2676:5,B,test,2676,0.763441,0.432453,0,0.0,-0.008362,-0.013916,-0.016262,0.0,-0.008362,-0.013916,-0.016262
2679:6,B,test,2679,0.789474,0.062177,0,0.0,0.062176,0.031188,0.031209,0.0,0.062176,0.031188,-0.231058
2680:2,B,test,2680,0.775281,0.404651,0,0.0,0.058183,-0.069167,0.541264,0.0,-0.069167,-0.069167,0.541264
2685:0,B,dev,2685,0.792079,0.351951,0,0.0,0.0,0.0,0.049901,0.0,0.0,0.0,0.049901
2685:7,B,dev,2685,0.792079,0.277299,0,0.0,0.0,0.0,-0.019491,0.0,0.0,0.0,-0.019491
2688:8,B,test,2688,0.951807,0.031207,0,0.0,0.318022,0.275512,-0.117003,0.0,0.316213,0.302951,-0.117003
2690:2,B,test,2690,0.582609,0.23106,1,0.0,-0.029792,-0.13302,0.15484,0.0,0.175727,0.132456,-0.153667
2691:5,B,test,2691,0.947368,0.298187,0,0.0,-0.200598,-0.085415,-0.027824,0.0,-0.0,-0.143006,-0.027824
2694:2,B,dev,2694,0.747059,0.179181,0,0.0,0.062176,0.096369,0.498501,0.0,-0.12246,0.205783,0.498501
2694:8,B,dev,2694,0.747059,0.151356,0,0.0,0.477025,0.424144,0.490294,0.0,-0.179177,0.424144,-0.062176
2695:7,B,dev,2695,0.728814,0.482014,0,0.0,-0.086116,-0.023953,-0.071777,0.0,-0.086116,-0.09887,-0.071777
2697:6,B,dev,2697,0.763441,0.179179,1,0.0,-0.15484,0.184634,0.091249,0.0,-0.05672,-0.160923,-0.244577
269:4,B,test,269,0.5,0.498968,0,0.0,0.000682,0.001151,-0.266762,0.0,-0.00099,0.000138,-0.162337
2703:3,B,test,2703,0.410256,0.452574,1,0.0,0.01435,0.010109,0.01435,0.0,0.01435,0.010109,0.01435
2703:8,B,test,2703,0.410256,0.479668,0,0.0,0.005625,0.010051,0.005625,0.0,0.005625,0.010051,0.005625
2705:4,B,dev,2705,0.775281,0.439913,1,0.0,-0.258338,0.043194,0.065799,0.0,0.034103,-0.100627,0.065799
2714:13,B,dev,2714,0.607595,0.151354,0,0.0,0.034378,0.017909,0.176516,0.0,0.034378,0.064096,-0.062659
2715:6,B,test,2715,0.851485,0.446596,1,0.0,-0.006335,-0.003355,0.008015,0.0,-0.006335,-0.003355,0.008015
2716:3,B,test,2716,0.95,2e-06,1,0.0,0.0,0.04913,0.075737,0.0,0.0,0.04913,0.075737
2716:4,B,test,2716,0.95,1e-06,1,0.0,-0.030489,0.062808,0.267961,0.0,-0.030489,0.062808,0.267961
2720:4,B,dev,2720,0.95,0.424142,1,0.0,0.021592,-0.230499,0.011341,0.0,-0.095123,-0.262206,0.011341
2731:5,B,test,2731,0.228261,0.151352,0,0.0,0.201621,0.153773,0.119012,0.0,-0.241354,0.076184,-0.116999
2734:14,B,dev,2734,0.813559,0.474043,1,0.0,0.079417,0.111113,0.10443,0.0,0.079417,-0.032579,0.10443
2735:1,B,test,2735,0.813559,0.393308,0,0.0,-0.046547,-0.055787,-0.103653,0.0,-0.046547,-0.055787,-0.103653
2735:3,B,test,2735,0.813559,0.298186,0,0.0,-0.004761,-0.02276,-0.02276,0.0,-0.004761,-0.02276,-0.02276
2737:11,B,test,2737,0.516129,0.151352,0,0.0,0.051658,2e-06,0.023856,0.0,0.051658,2e-06,0.023856
2745:5,B,test,2745,0.548387,0.231057,0,0.0,-0.138396,-0.040274,-0.040275,0.0,-0.138396,-0.040274,-0.040275
2747:10,B,test,2747,0.813559,0.062178,0,0.0,-0.037674,-0.101987,-0.100623,0.0,-0.037674,-0.117092,-0.100623
2749:3,B,test,2749,0.5,6e-06,1,0.0,0.154841,-0.117344,0.507561,0.0,-0.086512,-0.246482,0.444613
274:6,B,dev,274,1.0,0.062175,1,0.0,0.017909,0.058184,0.129699,0.0,0.156305,0.058184,0.129699
2756:5,B,test,2756,0.964912,0.457912,1,0.0,-0.009241,-0.045406,-0.057106,0.0,-0.146842,-0.045406,-0.057106
275:3,B,dev,275,0.96,0.12246,0,0.0,-0.231058,0.152637,0.424143,0.0,0.39331,-0.154039,0.12246
2760:4,B,dev,2760,0.5,0.062178,1,0.0,-0.043272,0.111279,-0.043272,0.0,-0.043272,0.111279,-0.043272
2762:2,B,test,2762,0.903226,0.092669,1,0.0,-0.184129,-0.002622,-0.166219,0.0,-0.184129,-0.171811,-0.166219
2764:2,B,test,2764,0.582609,0.205783,0,0.0,-0.047866,0.009241,0.084897,0.0,-0.047866,0.009241,0.084897
2768:12,B,test,2768,1.0,0.432453,0,0.0,0.089735,0.049461,-0.013761,0.0,-0.026274,0.049461,0.049461
2769:6,B,test,2769,0.697917,0.062177,1,0.0,-0.39766,-0.03448,-0.544191,0.0,-0.293235,-0.07068,-0.379752
276:5,B,test,276,0.289157,0.122458,0,0.0,-0.012512,-0.057826,0.030833,0.0,-0.012512,-0.057826,0.030833
2774:1,B,test,2774,0.894737,0.380797,1,0.0,0.058023,0.03022,0.038532,0.0,0.058023,0.008146,0.038532
2774:2,B,test,2774,0.894737,0.2773,1,0.0,-0.060282,-0.16384,0.241355,0.0,-0.429247,-0.174158,-0.060282
2778:3,B,test,2778,0.591398,0.151357,1,0.0,0.138391,0.347329,0.410235,0.0,0.138391,0.347329,0.410235
2779:6,B,test,2779,0.582609,0.485936,1,0.0,0.031553,0.069167,0.079417,0.0,0.031553,0.069167,0.079417
2783:6,B,dev,2783,1.0,0.092668,1,0.0,0.199849,-0.026254,0.304274,0.0,0.199849,0.130055,0.304274
2784:1,B,dev,2784,0.578947,0.49593,1,0.0,0.012775,0.01911,-0.077115,0.0,0.012775,0.01911,-0.077115
2786:1,B,test,2786,0.717391,0.179181,1,0.0,-0.241351,-0.293233,-0.556269,0.0,-0.241351,-0.293233,-0.556269
2786:6,B,test,2786,0.717391,0.062181,0,0.0,0.231061,0.277303,0.254918,0.0,0.231061,0.277303,0.254918
2791:5,B,dev,2791,0.813559,0.179179,1,0.0,0.0,0.08032,0.030967,0.0,0.0,0.060125,0.184635
2793:1,B,test,2793,0.916667,0.35195,1,0.0,0.089737,0.049462,-0.132162,0.0,0.089737,0.049462,-0.103653
2797:10,B,test,2797,0.894737,0.254914,1,0.0,0.069168,0.069167,0.173592,0.0,0.069168,0.069167,0.087077
279:1,B,test,279,0.607595,0.49478,0,0.0,-0.062937,-0.060854,-0.057838,0.0,-0.062937,-0.060854,-0.057838
2802:7,B,dev,2802,0.578947,0.404651,0,0.0,-0.154839,-0.229492,-0.028895,0.0,-0.154839,-0.229492,-0.028895
2803:2,B,test,2803,0.953846,0.474042,1,0.0,-0.010409,-0.005884,-0.017277,0.0,-0.010409,-0.013347,-0.016286
2805:6,B,dev,2805,0.290909,0.254913,0,0.0,0.223706,0.444019,0.320744,0.0,0.246091,0.320743,0.320744
2813:8,B,dev,2813,1.0,0.335485,0,0.0,0.436834,0.044177,-0.111787,0.0,0.026606,-0.164506,-0.111787
2814:11,B,dev,2814,0.779412,0.367035,1,0.0,0.0154,0.025509,0.034511,0.0,0.0154,0.025509,0.034511
2814:22,B,dev,2814,0.779412,0.439913,1,0.0,-0.572821,0.051126,0.209116,0.0,-0.26796,-0.00745,0.209116
2815:4,B,test,2815,0.894737,0.062177,1,0.0,0.015083,0.112121,0.187857,0.0,0.015083,0.112121,0.187857
2815:7,B,test,2815,0.894737,0.2773,1,0.0,-0.244918,-0.037488,-0.09125,0.0,-0.244918,-0.037488,-0.09125
2817:6,B,test,2817,0.607595,0.062175,0,0.0,0.195114,0.263719,0.132454,0.0,0.195114,0.265632,0.132454
2818:3,B,test,2818,0.555556,0.031213,1,0.0,-0.663513,0.135976,-0.730799,0.0,-0.138392,0.106064,-0.725149
2825:0,B,test,2825,0.290909,0.380797,0,0.0,-0.124353,-0.062177,-0.030969,0.0,-0.397657,-0.062177,-0.030969
2827:10,B,dev,2827,0.811688,0.439913,0,0.0,-0.026181,-0.03152,-0.026181,0.0,-0.026181,-0.03152,-0.026181
2829:5,B,test,2829,0.789474,0.404651,0,0.0,0.061458,-0.120377,-0.274367,0.0,0.271843,-0.288128,-0.274367
2835:4,B,test,2835,0.811688,0.351953,1,0.0,0.075736,0.075736,0.05188,0.0,0.075736,-0.009235,-0.210387
2838:7,B,dev,2838,0.894737,0.452574,1,0.0,0.088658,-0.092435,-0.486835,0.0,-0.080568,-0.493216,-0.806171
283:7,B,test,283,0.455696,0.179179,0,0.0,0.092666,0.0,-0.062176,0.0,-0.062176,-0.050451,-0.062176
2841:5,B,dev,2841,0.747059,0.298188,1,0.0,0.092401,-0.143606,-0.586581,0.0,0.092401,-0.058474,-0.586581
2847:9,B,test,2847,0.894737,0.179178,0,0.0,-0.111789,-0.019388,-0.166219,0.0,-0.019387,-0.050188,-0.019387
2851:2,B,test,2851,0.4,0.484094,1,0.0,0.01435,0.01435,0.008015,0.0,0.01435,-0.000507,-0.03022
2854:6,B,test,2854,0.228261,0.092668,1,0.0,-0.079703,0.061212,-0.146833,0.0,-0.10356,0.014609,-0.10356
2856:1,B,test,2856,0.894737,0.452574,1,0.0,-0.086516,-0.064112,-0.224906,0.0,-0.195114,-0.064112,-0.224906
2857:10,B,dev,2857,0.808081,0.317574,0,0.0,-0.019492,-0.009241,-0.0,0.0,-0.019492,-0.009241,-0.0
2858:1,B,test,2858,0.953846,0.39331,1,0.0,0.065417,-0.020249,-0.21568,0.0,-0.068849,-0.020249,-0.21568
2859:13,B,test,2859,0.697917,0.335484,1,0.0,-0.382412,-0.488858,-0.330532,0.0,-0.645444,-0.317837,-0.330532
2860:9,B,test,2860,0.455696,0.092663,0,0.0,0.030833,-0.127893,-0.026273,0.0,-0.187526,-0.127893,-0.026273
2861:11,B,test,2861,1.0,0.492423,1,0.0,0.0,0.009345,-0.012754,0.0,0.0,0.009345,-0.012754
2861:4,B,test,2861,1.0,0.317575,1,0.0,0.064604,0.077361,0.064603,0.0,0.064604,0.073586,0.064603
2863:3,B,dev,2863,0.578947,0.446597,1,0.0,0.035263,-0.052698,-0.888744,0.0,-0.023853,-0.229741,-0.89874
2864:1,B,test,2864,0.775281,0.439913,1,0.0,-0.162612,-0.275771,-0.910601,0.0,-0.025012,-0.110895,-0.910601
2865:11,B,test,2865,0.608696,0.0,1,0.0,-0.138395,0.067155,0.147969,0.0,0.056719,0.180997,0.301638
2865:12,B,test,2865,0.608696,0.03121,1,0.0,0.020887,0.146832,0.205521,0.0,0.020887,0.066181,0.205521
289:3,B,test,289,0.455696,0.317575,1,0.0,-0.124353,-0.005962,0.215123,0.0,-0.124353,-0.093384,-0.030966
289:7,B,test,289,0.455696,0.351953,0,0.0,0.086511,-0.070064,0.0,0.0,-0.09812,-0.119007,0.0
296:5,B,test,296,0.811688,0.439913,1,0.0,-0.175727,0.01749,-0.175727,0.0,-0.175727,-0.114661,-0.175727
298:0,B,dev,298,0.747059,0.122457,1,0.0,0.0,0.01791,-0.079418,0.0,0.0,0.01791,-0.079418
299:10,B,dev,299,0.894737,0.414901,1,0.0,-0.138393,-0.116008,-0.057825,0.0,-0.138393,-0.073559,-0.057825
29:14,B,dev,29,0.697917,0.414901,1,0.0,-0.027094,-0.034994,-0.005338,0.0,-0.027094,-0.021337,-0.005338
29:15,B,dev,29,0.697917,0.414901,1,0.0,-0.149735,-0.12735,-0.052697,0.0,-0.149735,-0.058352,-0.052697
29:4,B,dev,29,0.697917,0.254915,1,0.0,0.0,0.271687,0.242816,0.0,-0.061456,0.088161,0.274368
300:10,B,test,300,0.929041,0.404651,1,0.0,0.162247,0.029792,0.029792,0.0,-0.092666,0.029792,0.242815
300:2,B,test,300,0.929041,0.457912,1,0.0,0.041946,-0.046297,0.027802,0.0,-0.087075,-0.046297,0.027802
301:10,B,test,301,0.516129,0.062176,0,0.0,-0.040275,-0.086517,-0.040274,0.0,-0.040275,-0.086517,-0.040274
301:12,B,test,301,0.516129,0.254915,0,0.0,0.031209,-0.143555,0.0,0.0,0.031209,-0.030967,0.0
303:0,B,test,303,0.867925,0.317575,1,0.0,-0.718988,-0.382841,-0.383161,0.0,-0.732749,-0.319245,-0.444618
306:1,B,dev,306,0.290909,0.231059,1,0.0,-0.357139,-0.30202,-0.650445,0.0,-0.357139,-0.319783,-0.330532
311:3,B,dev,311,0.763441,0.122462,1,0.0,-0.323724,-0.205194,-0.154841,0.0,-0.323724,-0.215125,0.113118
311:4,B,dev,311,0.763441,0.092667,1,0.0,-0.0,-0.097364,0.31709,0.0,-0.215123,-0.097364,0.030968
312:1,B,test,312,0.576271,0.446597,0,0.0,0.069167,0.011341,-0.035263,0.0,-0.019491,0.036586,-0.035263
313:4,B,test,313,0.713043,0.497199,0,0.0,-0.006408,-0.002478,-0.007408,0.0,-0.006408,-0.002901,-0.007408
317:11,B,test,317,0.894737,0.367035,1,0.0,0.010099,0.0,-0.004241,0.0,0.010099,0.0,-0.004241
321:2,B,test,321,0.5,0.40465,1,0.0,0.012661,0.017634,0.037674,0.0,0.012661,0.020121,0.037674
326:3,B,test,326,0.96,0.424141,0,0.0,0.003355,-0.008015,-0.012776,0.0,0.003355,-0.008015,-0.012776
328:4,B,dev,328,0.747059,0.446596,0,0.0,0.002047,-0.003357,-0.004488,0.0,0.002047,-0.003357,0.00115
329:10,B,dev,329,0.894737,0.205786,0,0.0,0.092666,1e-06,0.062177,0.0,0.092666,-0.08497,0.062177
32:18,B,test,32,0.894737,0.317573,1,0.0,0.0,0.034105,0.079418,0.0,0.0,0.034105,0.079418
330:0,B,dev,330,0.469388,0.179181,1,0.0,0.027825,-0.252529,-0.302706,0.0,0.027825,-0.213527,-0.302706
330:2,B,dev,330,0.469388,0.335485,1,0.0,0.483083,0.414978,0.483083,0.0,0.267961,0.414978,0.174576
331:2,B,dev,331,0.2,0.466914,0,0.0,0.134999,0.149669,0.575032,0.0,0.012661,0.238808,0.575032
332:3,B,dev,332,0.228261,0.254916,1,0.0,-0.093384,-0.062097,0.0,0.0,-0.093384,-0.062097,-0.153668
333:12,B,dev,333,0.516129,0.122459,0,0.0,-0.01647,-0.053766,-0.053766,0.0,-0.01647,-0.10271,-0.053766
334:13,B,dev,334,0.717391,0.151356,0,0.0,0.457914,0.19078,-0.254914,0.0,0.179178,0.264122,0.062176
334:2,B,dev,334,0.717391,0.40465,0,0.0,-0.046605,-0.025013,0.03413,0.0,-0.046605,-0.025013,0.03413
337:1,B,test,337,0.578947,0.380798,1,0.0,-0.05443,0.000977,0.025274,0.0,0.129698,0.000977,0.175011
33:11,B,test,33,0.951681,0.254918,0,0.0,-0.120146,-0.018043,0.21568,0.0,0.054428,-0.115787,0.21568
342:5,B,dev,342,0.96,0.367035,1,0.0,0.005625,0.003465,0.012754,0.0,0.005625,0.012754,0.002645
343:2,B,dev,343,0.582609,0.298185,1,0.0,-0.090785,0.01543,-0.046604,0.0,0.012513,0.10106,0.012513
344:8,B,dev,344,0.779412,0.335484,0,0.0,0.365246,-0.239975,-0.185333,0.0,-0.123876,-0.154843,-0.185333
345:7,B,test,345,0.901408,0.298185,0,0.0,0.056719,0.083326,0.361636,0.0,0.056719,0.025134,0.377384
345:8,B,test,345,0.901408,0.335482,0,0.0,0.031553,-0.00729,0.15481,0.0,0.057827,0.119939,0.157826
347:9,B,dev,347,0.901408,0.393309,1,0.0,0.218092,0.069022,0.028477,0.0,0.772691,0.191323,0.006377
349:7,B,dev,349,0.813559,0.492423,0,0.0,-0.003984,-0.089836,0.000757,0.0,-0.003984,-0.000248,0.000226
350:10,B,test,350,0.455696,0.092666,0,0.0,0.034378,0.017909,0.063222,0.0,-0.06266,0.017909,0.063222
350:6,B,test,350,0.455696,0.151356,1,0.0,0.0,0.060282,0.09125,0.0,0.0,0.060282,0.09125
352:5,B,test,352,1.0,0.380796,1,0.0,0.094645,-0.027868,-0.011316,0.0,-0.052851,0.022455,-0.04981
352:6,B,test,352,1.0,0.40465,1,0.0,0.029656,0.148978,-0.007212,0.0,0.029656,0.022988,0.063427
359:4,B,test,359,0.894737,0.424142,1,0.0,-0.638924,-0.194478,0.146832,0.0,-0.583808,-0.156844,-0.182563
35:5,B,test,35,0.12963,0.205786,0,0.0,0.154842,0.092667,0.0,0.0,0.154842,0.092667,0.185332
360:6,B,test,360,0.867925,0.298186,1,0.0,0.129023,0.079561,0.079561,0.0,0.079561,0.102511,0.079561
362:4,B,dev,362,0.951807,0.457912,1,0.0,0.003923,0.001843,0.006269,0.0,0.003923,0.001843,0.006269
364:3,B,test,364,0.811688,0.122455,0,0.0,0.058689,0.044524,0.184634,0.0,0.058689,0.113118,0.184634
365:9,B,dev,365,0.851485,0.205784,1,0.0,0.0,-0.003915,0.053766,0.0,0.0,0.034378,0.053766
367:6,B,dev,367,0.388244,0.151357,1,0.0,0.025272,0.13839,0.13839,0.0,0.025272,0.13839,0.13839
36:2,B,dev,36,0.867925,0.062174,1,0.0,0.081878,0.164488,0.016077,0.0,0.081878,0.164488,0.016077
371:4,B,test,371,0.903226,0.298187,1,0.0,0.377372,0.000955,0.029792,0.0,0.377372,0.126375,0.377371
371:7,B,test,371,0.903226,0.39331,1,0.0,-0.31709,0.058104,-0.557569,0.0,-0.213532,0.236008,0.21512
372:2,B,dev,372,0.228261,0.092661,1,0.0,0.298449,0.125607,0.054433,0.0,0.298449,0.054431,0.267963
376:4,B,dev,376,1.0,0.335484,1,0.0,-0.119009,0.046511,0.496753,0.0,-0.244964,0.208773,0.496753
37:6,B,dev,37,0.607595,0.317572,1,0.0,-0.030833,-0.028161,0.544665,0.0,-0.103519,-0.073008,-0.080734
380:0,B,dev,380,0.811688,0.031213,1,0.0,0.025275,0.066617,0.025274,0.0,0.025275,0.066617,0.199849
383:1,B,dev,383,0.697917,0.351953,0,0.0,-0.027824,-0.200597,-2e-06,0.0,-0.229441,-0.1241,0.302706
383:9,B,dev,383,0.697917,0.393308,0,0.0,0.120533,0.092011,0.117059,0.0,0.124388,0.10634,0.072878
384:2,B,dev,384,0.62766,0.2773,1,0.0,-0.086511,-0.056719,-0.027824,0.0,-0.086511,-0.028944,-0.027824
386:4,B,dev,386,0.62766,1e-06,1,0.0,0.062176,-0.349793,-0.277299,0.0,-0.122458,-0.113239,-0.031208
389:3,B,test,389,0.516129,0.470688,1,0.0,0.007901,0.001632,0.001632,0.0,0.007901,0.001632,0.001632
397:2,B,dev,397,0.713043,0.031207,1,0.0,0.328243,0.046086,-0.281787,0.0,-0.246792,-0.101023,0.113118
397:5,B,dev,397,0.713043,0.335482,0,0.0,-0.034104,-0.076065,-0.010251,0.0,-0.034104,-0.034104,-0.010251
39:12,B,dev,39,0.894737,0.317574,1,0.0,-0.007901,-0.006269,0.055526,0.0,-0.018831,-0.00942,0.055526
400:5,B,dev,400,0.5,0.482014,1,0.0,0.168362,0.081189,0.122339,0.0,0.168362,0.153113,0.122339
400:7,B,dev,400,0.5,0.062177,0,0.0,-0.174575,-0.05443,-0.026606,0.0,-0.174575,-0.13577,-0.026606
400:8,B,dev,400,0.5,0.462673,0,0.0,0.0,-0.184998,-0.177538,0.0,-0.184998,0.054073,-0.177538
403:2,B,test,403,1.0,0.031208,1,0.0,0.213025,-0.049484,-0.111114,0.0,0.01791,-0.045313,-0.088658
403:5,B,test,403,1.0,0.367036,1,0.0,-0.215125,-0.099265,-0.328243,0.0,-0.215125,-0.215125,0.0
405:10,B,test,405,0.0,0.446597,1,0.0,0.006198,0.001278,-0.002131,0.0,0.006198,0.001278,-0.002131
405:7,B,test,405,0.0,0.031209,1,0.0,0.043272,0.067128,0.043272,0.0,0.043272,0.067128,0.043272
406:8,B,test,406,0.2,0.151352,0,0.0,-0.288131,-0.072506,-0.063223,0.0,-0.063223,-0.10429,-0.658096
415:5,B,test,415,0.728814,0.351954,0,0.0,0.254914,0.20167,0.701512,0.0,0.606868,0.20167,0.701512
416:2,B,dev,416,0.8125,0.12246,1,0.0,-0.071515,-0.025273,-0.092402,0.0,-0.071515,-0.025273,-0.071515
417:2,B,test,417,0.5,0.496406,0,0.0,0.001269,0.001598,0.000477,0.0,0.001269,0.001598,0.000477
417:3,B,test,417,0.5,0.497527,0,0.0,-0.0007,0.000971,0.000546,0.0,-0.0007,0.000971,0.000546
417:8,B,test,417,0.5,0.151354,0,0.0,-0.042772,-0.052013,-0.052013,0.0,-0.042772,-0.052013,-0.052013
420:1,B,test,420,0.469388,0.277298,0,0.0,0.108597,0.064938,0.309996,0.0,0.108597,0.026268,0.154839
422:0,B,dev,422,0.5,0.179183,1,0.0,0.026607,-0.147967,-0.477365,0.0,-0.210385,-0.081351,-0.477365
424:13,B,test,424,0.779412,0.414901,1,0.0,-0.195114,-0.032821,-0.195114,0.0,-0.195114,-0.224907,-0.195114
428:9,B,test,428,0.410256,1e-06,0,0.0,0.030967,-0.062257,0.030968,0.0,-0.123875,-0.031128,-0.093385
434:1,B,test,434,0.894737,0.432453,1,0.0,0.281097,0.074794,0.288557,0.0,0.281097,0.263545,0.288557
435:1,B,dev,435,0.555556,0.491423,1,0.0,-0.065417,-0.308487,-0.920022,0.0,-0.065417,0.034461,-0.767932
437:1,B,dev,437,0.636364,0.470688,1,0.0,0.013406,-0.003475,-0.001843,0.0,0.013406,-0.003475,-0.001843
43:2,B,dev,43,0.5,0.231059,0,0.0,0.508773,0.175136,0.544191,0.0,-0.117002,0.485196,0.486319
441:8,B,dev,441,0.833333,0.317572,1,0.0,-0.034104,-0.034105,-0.023854,0.0,-0.034104,0.046969,-0.023854
443:10,B,dev,443,0.516129,0.424142,0,0.0,0.034129,0.017999,0.012661,0.0,0.034129,0.017999,0.012661
444:1,B,dev,444,0.96,0.277301,0,0.0,0.215125,-0.041983,0.091249,0.0,0.215125,0.024633,0.091249
444:6,B,dev,444,0.96,0.231059,0,0.0,-0.081876,-0.11072,-0.095638,0.0,-0.081876,-0.11072,-0.095638
444:7,B,dev,444,0.96,0.151354,0,0.0,0.023853,0.0,-0.013762,0.0,0.023853,0.0,-0.013762
445:0,B,dev,445,0.469388,0.466914,1,0.0,-0.097325,-0.003768,-0.209113,0.0,0.047772,-0.050547,-0.209113
446:5,B,dev,446,0.290909,0.477023,0,0.0,0.00746,-0.027001,0.046604,0.0,0.00746,-0.027001,0.208853
448:1,B,test,448,0.964912,0.432454,1,0.0,0.0,-0.187855,-0.215677,0.0,0.0,-0.187855,-0.459697
448:5,B,test,448,0.964912,0.298188,0,0.0,0.123875,0.062418,0.06242,0.0,0.123875,-0.040417,0.06242
452:13,B,dev,452,0.455696,0.122458,0,0.0,0.074654,0.040275,0.058184,0.0,0.074654,0.040275,0.058184
453:7,B,test,453,0.713043,0.484094,1,0.0,0.049901,0.046546,0.049901,0.0,0.049901,0.046546,0.049901
455:12,B,test,455,0.851485,0.205785,1,0.0,-0.420646,-0.089091,-0.622164,0.0,0.340213,-0.044645,0.108599
462:3,B,test,462,0.903226,0.254917,0,0.0,-0.168879,-0.168879,0.339477,0.0,-0.168879,-0.168879,0.339477
463:6,B,dev,463,0.386364,0.231059,1,0.0,-0.153667,-0.055093,0.174575,0.0,0.199848,-0.055093,-0.398246
466:2,B,test,466,0.951807,0.179179,1,0.0,0.023856,-0.540054,-0.722481,0.0,0.023856,-0.576676,-0.708081
467:0,B,test,467,0.12963,0.122465,1,0.0,0.151353,0.011325,-0.254916,0.0,-0.092665,-0.070014,-0.254916
468:0,B,dev,468,0.64,0.15136,1,0.0,0.18533,0.195029,0.185332,0.0,0.123874,0.061776,0.185332
46:6,B,dev,46,0.697917,0.254913,1,0.0,0.008015,-0.017682,-0.006335,0.0,-0.0,0.023041,-0.021735
46:8,B,dev,46,0.697917,0.351951,0,0.0,-0.016076,-0.011848,0.033734,0.0,-0.03022,-0.011673,0.016995
470:6,B,dev,470,0.894737,0.205784,1,0.0,-0.057826,-0.045313,0.156305,0.0,-0.057826,-0.006681,-0.031551
472:11,B,test,472,0.763441,0.17918,1,0.0,1e-06,0.030968,0.267961,0.0,1e-06,0.030968,0.062177
477:0,B,dev,477,0.593872,0.179181,1,0.0,0.0,-0.147968,-0.410236,0.0,0.0,-0.245256,-0.08651
478:0,B,dev,478,0.62766,0.062177,1,0.0,-0.112121,-0.143172,-0.043271,0.0,-0.191682,-0.056384,-0.244533
478:1,B,dev,478,0.62766,0.351953,1,0.0,-0.04913,-0.04913,-0.023856,0.0,-0.04913,-0.04913,-0.023856
478:10,B,dev,478,0.62766,0.12246,1,0.0,-0.241355,-0.062176,0.0,0.0,-0.241355,-0.062176,0.0
478:4,B,dev,478,0.62766,0.17918,1,0.0,-0.123875,0.061457,0.061458,0.0,-0.123875,0.061457,0.061458
486:0,B,test,486,0.697917,0.39331,1,0.0,-0.047924,-0.106276,-0.020121,0.0,-0.047924,-0.060409,-0.020121
489:5,B,test,489,0.789474,0.470688,1,0.0,-0.028477,-0.029031,-0.029913,0.0,0.0,-0.025995,-0.003774
489:7,B,test,489,0.789474,0.380797,1,0.0,-0.236009,-0.298185,-0.266976,0.0,-0.236009,-0.298185,-0.266976
492:0,B,dev,492,0.552941,0.380798,1,0.0,-0.143609,0.046751,-0.436844,0.0,-0.05443,0.046751,-0.083325
4:17,B,dev,4,0.289157,0.254917,0,0.0,0.271844,0.035133,0.594082,0.0,0.271844,0.168384,0.594082
502:5,B,dev,502,0.811688,0.254916,1,0.0,0.062418,0.093385,0.308507,0.0,0.062418,0.157631,0.153668
502:6,B,dev,502,0.811688,0.335484,1,0.0,-0.092401,-0.067128,0.019388,0.0,-0.092401,-0.067128,0.019388
503:2,B,dev,503,0.894737,0.380798,1,0.0,-0.619087,0.0,-0.938744,0.0,-0.288556,-0.078042,-0.939734
505:8,B,test,505,0.555556,0.39331,0,0.0,-0.111789,-0.092401,-0.129698,0.0,-0.04913,-0.092401,-0.129698
508:11,B,test,508,0.659574,0.335483,1,0.0,0.017552,0.007049,0.051657,0.0,-0.00746,0.027803,0.051657
508:2,B,test,508,0.659574,0.452574,1,0.0,0.030833,1e-06,-0.892278,0.0,0.030833,1e-06,-0.892278
508:3,B,test,508,0.659574,0.351954,1,0.0,0.146832,0.027742,0.263545,0.0,-0.089175,0.114169,0.263545
508:7,B,test,508,0.659574,0.031207,1,0.0,-0.027821,-0.146831,-0.229443,0.0,-0.027821,-0.146831,-0.229443
508:8,B,test,508,0.659574,0.452574,0,0.0,-0.021421,-0.021421,-0.069194,0.0,-0.021421,-0.021421,-0.069194
516:13,B,dev,516,0.953846,0.2773,0,0.0,-0.086512,-0.005159,-0.029792,0.0,0.061457,-0.071775,-0.029792
518:2,B,test,518,0.0,0.39331,1,0.0,0.072189,0.072189,-0.053766,0.0,0.072189,-0.097037,0.094644
520:11,B,dev,520,0.5,0.298187,1,0.0,-0.027824,-0.056719,-0.117002,0.0,0.138395,0.014289,-0.117002
522:3,B,test,522,0.728814,0.205787,0,0.0,0.33766,-0.182564,-0.058689,0.0,-0.382412,-0.072766,0.200598
525:1,B,test,525,0.96,0.12246,1,0.0,0.382413,0.213531,0.182565,0.0,0.151356,0.383796,0.182565
526:3,B,test,526,0.62766,0.335482,1,0.0,-0.163713,0.000268,0.058184,0.0,-0.160924,0.054068,-0.162591
527:10,B,test,527,0.0,0.062176,0,0.0,0.046241,-0.100686,0.023856,0.0,0.046241,-0.025274,0.023856
529:0,B,test,529,0.582609,0.457912,1,0.0,0.13143,0.039267,-0.104423,0.0,-0.017909,-0.104424,-0.104423
529:6,B,test,529,0.582609,0.439913,1,0.0,-0.111789,-0.111789,-0.086515,0.0,0.034378,-0.111789,-0.086515
533:1,B,test,533,0.894737,2e-06,1,0.0,0.045314,0.14974,0.20162,0.0,0.045314,0.14974,0.20162
537:1,B,test,537,0.911765,0.39331,1,0.0,0.046242,0.008553,-0.16888,0.0,0.046242,-0.108598,-0.16888
538:11,B,test,538,0.851485,0.351954,1,0.0,-0.241354,0.156303,0.172772,0.0,-0.241354,-0.273988,0.172772
539:4,B,dev,539,0.571429,0.151356,1,0.0,-0.03049,0.154843,0.339475,0.0,0.184635,0.230255,0.213531
539:6,B,dev,539,0.571429,0.367035,1,0.0,0.033071,0.033071,0.033071,0.0,0.033071,0.033071,0.033071
542:5,B,dev,542,0.911765,0.351953,0,0.0,-0.12735,-0.087054,-0.189614,0.0,-0.12735,-0.133833,-0.189614
546:3,B,dev,546,0.789474,0.062177,1,0.0,-0.016469,-0.07175,-0.057826,0.0,-0.14861,-0.122578,-0.150453
546:5,B,dev,546,0.789474,0.092668,1,0.0,0.0,-0.323076,-0.524517,0.0,-0.236994,-0.401128,-0.528038
550:3,B,test,550,0.964912,1e-06,1,0.0,0.162252,0.187525,0.162252,0.0,-0.030832,0.107255,0.331134
551:8,B,dev,551,0.894737,0.277299,1,0.0,0.035417,0.060793,0.16444,0.0,0.035417,0.057873,0.077364
555:4,B,test,555,0.455696,0.092667,1,0.0,0.120894,0.25105,0.120894,0.0,0.120894,0.200598,0.259286
556:2,B,test,556,0.894737,5e-06,1,0.0,0.298452,0.099485,0.026606,0.0,0.054431,0.099485,0.357139
556:6,B,test,556,0.894737,0.470687,1,0.0,0.0,0.007276,0.177207,0.0,-0.00115,0.00938,0.402116
557:1,B,dev,557,0.697917,0.466914,1,0.0,0.030832,-0.185005,0.011341,0.0,0.030832,0.046604,-0.187525
55:5,B,dev,55,0.728814,0.457912,1,0.0,-0.058183,0.023417,0.11709,0.0,-0.058183,-0.472333,0.11709
560:3,B,dev,560,0.697917,0.466914,0,0.0,0.0,0.003923,0.006999,0.0,0.0,0.003923,0.006999
566:3,B,test,566,0.8,0.414901,0,0.0,0.242816,0.167848,0.184129,0.0,0.058183,0.167848,0.0
570:10,B,dev,570,0.911765,0.439914,1,0.0,0.027803,-0.023378,-0.127351,0.0,0.027803,0.005943,-0.0
571:6,B,test,571,0.12963,0.317575,1,0.0,0.174575,0.181521,0.120144,0.0,0.174575,0.181521,0.120144
573:10,B,dev,573,0.808081,0.17918,1,0.0,0.404651,0.510952,0.583829,0.0,0.106465,0.398277,0.583829
573:8,B,dev,573,0.808081,0.317575,1,0.0,0.154843,0.21933,0.154843,0.0,0.154843,0.123876,0.154843
575:1,B,test,575,0.763441,0.335484,1,0.0,0.244576,0.117151,0.175727,0.0,0.244576,0.058576,0.175727
576:1,B,test,576,0.516129,0.432453,1,0.0,-0.669527,-0.257648,-0.468929,0.0,-0.806588,-0.399845,-0.815874
584:8,B,dev,584,0.951807,0.122458,0,0.0,0.111789,0.036821,0.11179,0.0,0.111789,0.166604,0.11179
585:2,B,test,585,0.947368,0.231059,1,0.0,0.046242,-0.300058,0.173591,0.0,0.046242,-0.300058,0.173591
587:0,B,test,587,0.747059,0.254914,1,0.0,0.052698,0.011341,0.0,0.0,0.052698,0.011341,0.0
587:3,B,test,587,0.747059,0.231058,1,0.0,0.026274,0.026274,0.026274,0.0,0.026274,0.026274,0.026274
591:1,B,dev,591,0.455696,0.092669,1,0.0,0.156307,0.1297,0.184132,0.0,0.156307,0.1297,0.184132
592:3,B,dev,592,0.576271,0.092665,1,0.0,0.049901,0.069393,0.107007,0.0,0.049901,0.069393,0.107007
595:5,B,test,595,0.951807,0.432453,0,0.0,0.042101,0.027001,0.017999,0.0,0.042101,0.027001,0.017999
597:5,B,test,597,0.886364,0.062173,1,0.0,-0.528739,-0.518561,-0.031209,0.0,-0.30851,-0.430111,-0.517148
598:4,B,test,598,0.455696,0.466914,0,0.0,-0.019341,-0.035303,0.0,0.0,-0.019341,-0.002346,0.0
60:7,B,dev,60,0.2,0.179183,1,0.0,-0.120148,-0.15946,-0.426708,0.0,-0.431469,-0.104686,-0.373446
60:8,B,dev,60,0.2,0.39331,1,0.0,-0.210388,-0.262856,0.172772,0.0,-0.241352,0.214128,-0.117002
612:11,B,dev,612,0.728814,0.484094,0,0.0,-0.012313,-0.008838,-0.006115,0.0,-0.012313,-0.008838,-0.006115
612:7,B,dev,612,0.728814,0.490292,1,0.0,0.006536,0.002738,0.002738,0.0,0.006536,0.002738,0.002738
615:2,B,dev,615,0.552941,0.498675,0,0.0,-0.001631,-0.000156,-0.650193,0.0,-0.001631,-0.000281,-0.376386
615:4,B,dev,615,0.552941,0.179176,1,0.0,-0.21913,-0.080568,-0.17754,0.0,-0.125884,-0.214711,-0.17754
616:11,B,dev,616,0.713043,0.493307,0,0.0,-0.001278,0.004488,0.006536,0.0,-0.001278,0.004488,0.006536
619:10,B,test,619,0.228261,0.462673,0,0.0,0.004854,0.010249,0.009959,0.0,0.004854,0.010249,0.009959
619:6,B,test,619,0.228261,0.031208,0,0.0,0.080568,-0.0,-0.023857,0.0,0.080568,-0.0,-0.023857
61:10,B,test,61,0.789474,0.414901,0,0.0,0.455353,0.0,0.03121,0.0,0.123875,-0.120699,0.03121
627:3,B,test,627,0.763441,0.462673,1,0.0,0.006683,-0.214123,0.006683,0.0,0.006683,-0.110791,0.006683
631:6,B,dev,631,0.763441,0.317576,1,0.0,0.304274,0.334853,0.156306,0.0,0.304274,0.273308,0.156306
633:6,B,test,633,0.516129,0.367035,0,0.0,0.036295,-0.03022,-0.058024,0.0,-0.047773,-0.007792,-0.058024
636:8,B,dev,636,0.818182,0.367035,1,0.0,0.007371,-0.001473,0.026393,0.0,0.009214,0.019183,0.001885
637:5,B,test,637,0.835448,0.254917,1,0.0,-0.253277,-0.261839,-0.309838,0.0,-0.306761,-0.051442,0.496751
63:2,B,test,63,1.0,0.254913,1,0.0,0.317455,0.185,-0.060059,0.0,0.317455,0.185,0.10443
641:8,B,dev,641,0.289157,0.497817,0,0.0,-0.015249,0.006906,-0.028024,0.0,-0.280152,0.010193,0.004355
643:5,B,dev,643,0.591398,0.367034,1,0.0,-0.005977,-0.011315,0.0,0.0,-0.005977,-0.011315,0.0
643:7,B,dev,643,0.591398,0.317573,1,0.0,-0.03377,-0.046546,-0.042772,0.0,-0.03377,-0.040508,-0.022455
644:1,B,test,644,0.548387,0.380797,1,0.0,0.053766,-0.036018,-0.390848,0.0,-0.175726,-0.036018,-0.175726
645:3,B,dev,645,0.571429,0.446596,1,0.0,0.035418,0.0151,0.024102,0.0,0.035418,0.0151,0.024102
646:2,B,test,646,0.894737,0.254916,1,0.0,0.205519,0.108165,0.162247,0.0,0.205519,0.054083,0.058687
646:6,B,test,646,0.894737,0.487568,1,0.0,-0.035263,-0.046604,-0.046604,0.0,0.02276,-0.046604,0.017999
650:2,B,dev,650,0.875,0.254915,1,0.0,0.054431,0.015257,0.079704,0.0,0.054431,-0.028895,0.079704
658:10,B,test,658,0.289157,0.317575,0,0.0,0.125943,0.098121,0.022385,0.0,-0.074653,-0.006082,0.215122
661:2,B,dev,661,0.455696,0.092668,1,0.0,0.200599,0.107635,0.351953,0.0,0.200599,0.00173,-0.028845
661:4,B,dev,661,0.455696,0.351953,1,0.0,-0.185333,-0.588254,-0.092667,0.0,-0.185333,-0.566585,-0.092667
663:2,B,dev,663,0.455696,0.404651,1,0.0,-0.022385,-0.390322,-0.15484,0.0,-0.022385,-0.136452,-0.15484
664:3,B,dev,664,0.747059,0.231054,1,0.0,-0.022761,-0.026969,-0.03711,0.0,-0.022761,-0.034639,-0.03711
667:5,B,test,667,0.578947,0.03121,1,0.0,-0.043272,-0.043272,-0.043272,0.0,-0.043272,-0.105855,-0.043272
667:8,B,test,667,0.578947,0.335484,0,0.0,-0.231058,-0.118471,-0.179179,0.0,-0.231058,-0.062177,-0.179179
669:2,B,test,669,0.783513,0.466914,1,0.0,-0.130061,-0.002346,-0.007971,0.0,-0.389347,-0.002346,-0.204714
674:11,B,test,674,0.2,0.317574,1,0.0,0.020121,0.059265,0.085539,0.0,0.020121,0.059265,0.085539
674:9,B,test,674,0.2,0.298186,1,0.0,0.008015,0.018114,0.018114,0.0,0.008015,0.018114,0.018114
678:0,B,test,678,0.747059,0.031212,1,0.0,-0.028895,-0.132455,-0.175727,0.0,-0.083326,-0.132455,-0.175727
682:4,B,test,682,0.0,0.254914,1,0.0,0.027803,0.039144,0.039144,0.0,0.027803,0.039144,0.039144
687:1,B,test,687,0.947368,0.151352,1,0.0,0.089737,0.06885,0.112123,0.0,0.089737,0.075812,0.304859
690:4,B,test,690,0.2,0.457912,1,0.0,-0.005977,-0.024954,-0.012661,0.0,-0.100621,0.005338,-0.012661
69:0,B,test,69,0.228261,3e-06,1,0.0,1e-06,0.026609,0.083327,0.0,1e-06,0.227698,0.083327
700:10,B,test,700,0.228261,0.462673,0,0.0,0.001278,0.0,0.001278,0.0,0.001278,0.0,0.001278
700:4,B,test,700,0.228261,0.424142,0,0.0,0.001843,-0.015922,-0.010051,0.0,-0.01718,-0.01718,-0.010051
702:4,B,dev,702,0.813559,0.432453,1,0.0,0.028024,0.004491,0.071036,0.0,0.028024,0.013697,0.071036
703:3,B,dev,703,0.894737,0.351953,0,0.0,0.16888,0.076847,0.025273,0.0,0.16888,0.076847,0.025273
70:7,B,test,70,0.811688,0.351953,1,0.0,0.119008,0.187857,-0.027824,0.0,0.119008,0.187857,0.187857
710:2,B,dev,710,0.516129,0.474043,0,0.0,0.001843,-0.00208,-0.00208,0.0,0.001843,-0.00208,-0.00208
712:4,B,test,712,0.911765,0.404651,0,0.0,-0.028896,-0.39639,-0.468926,0.0,-0.302707,-0.235128,-0.468926
714:5,B,test,714,0.578947,0.485936,1,0.0,0.027446,-0.010811,-0.508771,0.0,0.027446,-0.010811,-0.508771
716:13,B,dev,716,0.792079,0.367036,0,0.0,0.149738,0.093535,0.045313,0.0,0.149738,0.093535,0.045313
716:4,B,dev,716,0.792079,0.151355,0,0.0,-0.0,-0.133486,-0.123876,0.0,-0.0,-0.092666,-0.123876
718:4,B,dev,718,0.894737,0.380798,1,0.0,0.138392,-0.141861,-0.485974,0.0,0.138392,-0.305589,-0.553102
725:4,B,dev,725,0.964912,0.484094,1,0.0,0.059116,0.036337,0.071777,0.0,0.059116,0.086117,0.071777
729:5,B,dev,729,0.953846,0.205784,1,0.0,0.223705,0.198701,-0.080569,0.0,0.223705,0.198701,-0.232655
730:2,B,dev,730,0.789474,0.277301,1,0.0,-0.091249,0.097057,-0.060282,0.0,0.195115,0.018388,-0.060282
731:1,B,test,731,0.813559,0.351953,1,0.0,0.062419,2e-06,-0.174574,0.0,0.062418,0.108229,0.398243
733:4,B,dev,733,0.717391,0.031211,1,0.0,-0.061457,-0.10598,0.262266,0.0,-0.061457,-0.174575,0.262266
737:10,B,test,737,0.290909,0.12246,1,0.0,-0.060283,0.062176,0.062176,0.0,-0.060283,0.093064,0.062176
737:11,B,test,737,0.290909,0.03121,0,0.0,-0.0,-0.144871,-0.026607,0.0,-0.0,-0.206416,-0.026607
737:9,B,test,737,0.290909,0.179178,1,0.0,0.04624,0.022384,-1e-06,0.0,-1e-06,0.022384,0.071514
738:2,B,dev,738,0.894737,2e-06,1,0.0,0.120898,0.053768,0.074654,0.0,0.120898,0.053768,0.320743
739:1,B,dev,739,0.0,0.092668,1,0.0,0.12246,0.091571,0.09125,0.0,0.12246,0.091571,0.273813
739:2,B,dev,739,0.0,0.17918,1,0.0,-0.293233,-0.104271,-0.0,0.0,-0.293233,-0.262265,-0.0
741:11,B,dev,741,0.697917,0.12246,1,0.0,-0.0,0.072674,0.068849,0.0,-0.0,0.015083,0.068849
741:2,B,dev,741,0.697917,0.499196,1,0.0,-0.000279,-0.00053,-8.3e-05,0.0,-0.000279,-0.00053,-8.3e-05
742:1,B,test,742,0.571429,0.12246,1,0.0,-0.025273,0.051746,-0.071514,0.0,-0.025273,-0.065571,-0.071514
742:12,B,test,742,0.571429,0.351953,0,0.0,-0.28219,0.11854,0.611474,0.0,0.618391,0.064115,-0.195114
743:3,B,dev,743,0.578947,0.462673,0,0.0,0.082921,0.072051,0.053264,0.0,0.072375,0.055013,0.095057
74:2,B,test,74,0.813559,0.205786,1,0.0,-0.056719,0.080026,-0.154841,0.0,-0.056719,0.080026,-0.154841
751:10,B,test,751,1.0,0.490292,0,0.0,-0.003923,0.011002,0.002346,0.0,-0.003923,0.011002,0.067113
752:5,B,test,752,0.548387,0.298188,0,0.0,-0.053765,0.327911,0.780201,0.0,0.596373,0.144907,0.529243
753:3,B,test,753,0.608696,1e-06,1,0.0,-0.118901,0.097118,0.015084,0.0,0.161252,0.121999,0.015084
756:4,B,test,756,0.578947,0.367036,0,0.0,-0.21413,-0.086688,-0.138395,0.0,-0.075736,-0.156304,0.027824
761:4,B,test,761,0.5,0.393309,1,0.0,-0.062176,0.060283,0.304859,0.0,-0.062176,-0.248787,0.304859
764:4,B,test,764,0.911765,0.03121,1,0.0,0.254915,0.174383,0.223707,0.0,0.254915,0.134713,-0.243917
765:8,B,test,765,0.555556,0.479668,1,0.0,0.04946,0.134997,-0.410238,0.0,0.04946,0.134997,-0.410238
768:19,B,test,768,0.747059,0.151356,1,0.0,0.031209,-0.373696,0.205783,0.0,-0.2773,0.013593,0.205783
76:8,B,test,76,0.455696,0.487568,0,0.0,-0.010099,-0.032134,0.047924,0.0,-0.010099,-0.008455,0.047924
771:9,B,dev,771,0.410256,0.335483,0,0.0,-0.025013,-0.025012,-0.015772,0.0,-0.025013,-0.025012,-0.015772
774:4,B,dev,774,0.763441,0.446597,1,0.0,0.051656,0.034104,-0.028844,0.0,-0.082611,-0.004801,-0.028844
775:3,B,dev,775,0.8125,0.487568,0,0.0,0.059884,0.027001,-0.694829,0.0,-0.00746,0.027001,-0.833223
777:4,B,test,777,1.0,0.439913,1,0.0,-0.0,0.016995,0.021755,0.0,-0.0,0.016995,0.021755
777:6,B,test,777,1.0,0.092668,1,0.0,-0.027824,0.090441,0.058688,0.0,-0.027824,0.090441,0.058688
779:12,B,test,779,0.789474,0.432453,0,0.0,0.074653,0.08051,0.053766,0.0,0.074653,0.089784,0.053766
779:4,B,test,779,0.789474,0.367035,0,0.0,-0.007129,-0.016131,-0.034129,0.0,-0.007129,-0.016131,-0.034129
781:11,B,dev,781,0.779412,0.446597,1,0.0,-0.318618,-0.138512,0.034103,0.0,-0.318618,-0.047584,0.034103
781:3,B,dev,781,0.779412,0.351953,1,0.0,0.092667,0.173605,0.335482,0.0,0.092667,0.092667,0.335482
788:3,B,test,788,0.697917,0.335486,1,0.0,0.168878,0.273302,-0.21353,0.0,-0.062176,0.192365,-0.030967
789:4,B,dev,789,0.62766,0.414901,1,0.0,0.125945,0.107162,0.027824,0.0,0.125945,0.146831,0.027824
789:9,B,dev,789,0.62766,0.39331,0,0.0,-0.075734,0.252419,0.317573,0.0,0.812355,0.241051,-0.122338
794:4,B,dev,794,0.875,0.351953,1,0.0,0.040275,0.116009,0.103497,0.0,0.040275,0.116009,-0.308509
796:12,B,dev,796,0.12963,0.254915,0,0.0,0.147969,0.014736,0.241354,0.0,0.147969,0.081352,0.241354
796:6,B,dev,796,0.12963,0.03121,0,0.0,0.120145,0.091249,0.174575,0.0,0.120145,0.091249,0.174575
796:9,B,dev,796,0.12963,0.40465,0,0.0,-0.027446,-0.021469,-0.016131,0.0,-0.027446,-0.028176,-0.016131
797:2,B,test,797,0.5,0.367036,0,0.0,0.323727,-0.038554,-0.184632,0.0,-0.029792,-0.151713,0.298453
798:2,B,dev,798,0.8125,0.380797,1,0.0,0.041356,-0.101397,-0.074653,0.0,0.041356,0.041357,-0.074653
798:4,B,dev,798,0.8125,0.439913,1,0.0,0.009241,-0.01025,-0.047865,0.0,0.009241,-0.068114,-0.047865
799:4,B,test,799,0.697917,0.470688,1,0.0,-0.122459,0.207033,0.028895,0.0,-0.122459,0.28219,-0.215126
805:3,B,test,805,0.455696,0.351953,1,0.0,0.108599,-0.00922,-0.184635,0.0,0.108599,0.15484,-0.184635
808:2,B,test,808,0.747059,0.092666,1,0.0,0.016469,0.0,0.016469,0.0,0.016469,0.0,0.016469
808:5,B,test,808,0.747059,0.446596,1,0.0,0.004761,-0.01179,0.010099,0.0,0.016077,-0.001414,0.010099
809:0,B,dev,809,0.867925,0.122458,1,0.0,0.116011,0.075736,-0.077379,0.0,0.116011,0.075736,-0.077379
810:0,B,dev,810,0.792079,0.487568,1,0.0,0.0,0.122428,-0.835426,0.0,0.141539,0.075649,-0.832683
810:9,B,dev,810,0.792079,0.446597,1,0.0,-0.106565,-0.040641,-0.244962,0.0,-0.106565,-0.040641,-0.244962
813:4,B,dev,813,0.516129,0.151357,1,0.0,0.058688,-0.092667,-0.215126,0.0,0.058688,-0.092667,-0.215126
813:9,B,dev,813,0.516129,0.151357,1,0.0,-0.304272,-0.348907,-0.058183,0.0,-0.304272,-0.243048,-0.273305
81:1,B,dev,81,0.851485,0.462673,1,0.0,-0.118735,-0.108113,-0.038234,0.0,-0.118735,-0.063113,-0.038234
81:11,B,dev,81,0.851485,0.474043,1,0.0,-0.004761,-0.062345,0.004241,0.0,-0.004761,0.004241,0.004241
821:1,B,test,821,0.552941,0.40465,1,0.0,0.038235,0.014397,0.066038,0.0,0.038235,0.046546,0.066038
821:10,B,test,821,0.552941,0.179179,1,0.0,-0.03049,0.041451,0.062176,0.0,-0.03049,-0.0,0.062176
826:12,B,test,826,0.62766,0.2773,0,0.0,0.154843,0.062177,0.124353,0.0,0.154843,0.062177,0.124353
827:5,B,test,827,0.4,0.351953,0,0.0,0.079704,0.03076,-0.104425,0.0,0.079704,0.079704,0.05188
833:22,B,dev,833,0.789474,0.151356,0,0.0,0.262267,0.253926,-0.266975,0.0,0.262267,0.165624,0.412008
837:0,B,dev,837,0.775281,0.335482,1,0.0,0.013762,0.028846,0.0,0.0,0.013762,0.028846,0.0
838:3,B,test,838,0.62766,0.031211,1,0.0,0.05672,0.17926,0.117003,0.0,0.05672,0.148131,0.117003
83:6,B,test,83,0.15,0.092666,0,0.0,-0.138395,-0.162251,-0.162251,0.0,-0.138395,-0.162251,-0.162251
848:4,B,test,848,0.713043,0.404651,1,0.0,-0.092665,0.220923,0.274368,0.0,-0.092665,0.220923,0.113118
851:4,B,dev,851,0.947368,0.457913,1,0.0,0.072877,-0.009578,0.085537,0.0,0.072877,0.07956,0.085537
852:11,B,test,852,0.555556,0.151353,0,0.0,0.097327,0.087076,0.075735,0.0,0.097327,0.087076,0.075735
852:12,B,test,852,0.555556,0.254914,0,0.0,0.080733,0.083713,0.077379,0.0,0.080733,0.083713,0.077379
854:1,B,test,854,0.833333,0.351953,0,0.0,-0.022385,-0.043272,0.0,0.0,-0.022385,-0.074979,0.0
858:1,B,test,858,0.894737,0.457913,1,0.0,0.016469,0.088658,-0.809526,0.0,0.016469,0.088658,-0.809526
85:1,B,test,85,0.455696,0.457912,1,0.0,-0.0,-0.081068,-0.063222,0.0,-0.229441,-0.152961,-0.063222
864:2,B,test,864,0.290909,0.254916,1,0.0,0.246089,0.116099,0.266976,0.0,0.246089,0.116099,0.266976
865:7,B,test,865,0.713043,0.432454,1,0.0,0.073604,0.069363,-0.187524,0.0,0.073604,0.069363,-0.187524
866:13,B,test,866,1.0,0.494089,0,0.0,-0.001473,0.000222,-0.003357,0.0,-0.000691,0.002597,0.0
872:6,B,test,872,0.713043,0.40465,1,0.0,0.0,-0.010099,-0.010099,0.0,0.0,-0.010099,-0.010099
873:1,B,dev,873,1.0,0.496827,1,0.0,0.028024,0.028024,-0.838706,0.0,0.028024,0.028024,-0.957899
873:5,B,dev,873,1.0,0.452574,1,0.0,-0.065799,-0.240717,-0.446592,0.0,0.024091,-0.048889,-0.148409
875:10,B,test,875,0.428571,0.0,0,0.0,-0.162248,-0.096998,-0.023855,0.0,0.0,-0.144868,-0.023855
876:1,B,test,876,0.62766,0.414901,1,0.0,-0.023856,-0.285569,-0.753591,0.0,-0.023856,-0.278108,-0.753591
877:5,B,dev,877,0.813559,0.062175,1,0.0,-0.098121,-0.107817,-0.075737,0.0,0.086512,-0.065062,-0.075737
878:9,B,test,878,0.697917,0.380797,0,0.0,-0.00208,-0.007071,-0.01718,0.0,-0.00208,-0.007071,-0.01718
87:7,B,test,87,0.875,0.12246,1,0.0,-0.244964,0.070129,-0.313246,0.0,-0.225473,0.065101,-0.309836
880:5,B,dev,880,0.811688,0.432453,1,0.0,0.049461,-0.124238,-0.111789,0.0,0.049461,-0.082256,-0.111789
883:3,B,dev,883,0.228261,0.092665,0,0.0,-0.125946,-0.092372,-2e-06,0.0,-0.125946,-0.092372,-2e-06
884:2,B,test,884,0.779412,0.446597,1,0.0,-0.072877,-0.035263,-0.10443,0.0,-0.162613,-0.336423,-0.059116
884:3,B,test,884,0.779412,0.452574,1,0.0,-0.022455,-0.013777,-0.946301,0.0,-0.014143,0.005977,-0.041946
887:5,B,test,887,0.571429,0.151356,0,0.0,0.184633,0.162248,0.113118,0.0,0.184633,0.116785,0.113118
889:6,B,test,889,0.576271,0.446597,0,0.0,-0.103496,-0.146841,-0.137599,0.0,-0.103496,-0.146841,-0.137599
899:1,B,test,899,0.833333,0.031211,1,0.0,0.079704,0.23114,-0.231616,0.0,0.025273,0.23114,-0.231616
900:4,B,test,900,0.375,0.452574,0,0.0,-0.0,-0.004761,0.004241,0.0,-0.0,-0.004761,0.004241
903:6,B,test,903,0.516129,0.0,1,0.0,0.013761,0.028844,0.063222,0.0,0.013761,0.028844,0.063222
903:8,B,test,903,0.516129,0.335483,1,0.0,0.02276,0.02276,0.03022,0.0,0.02276,0.02276,0.03022
913:1,B,dev,913,0.911765,0.231062,1,0.0,0.098121,-0.004716,-2e-06,0.0,0.098121,-0.107551,-0.301639
914:12,B,dev,914,0.789474,0.17918,1,0.0,0.195115,0.083325,-0.377373,0.0,0.244576,-0.306949,-0.328244
916:2,B,test,916,0.96,0.335485,1,0.0,0.205519,0.088368,1e-06,0.0,0.205519,0.191095,0.205518
917:3,B,test,917,0.290909,0.2773,1,0.0,-0.153669,-0.184635,-0.611475,0.0,-0.153669,-0.298794,-0.184636
918:0,B,dev,918,0.947368,1e-06,1,0.0,-0.113118,-0.162248,-0.20552,0.0,-0.113118,-0.162248,-0.20552
920:10,B,dev,920,0.894737,0.205783,0,0.0,-0.060282,0.267961,0.514752,0.0,0.559706,0.267961,0.55247
923:8,B,test,923,0.290909,0.231059,0,0.0,-0.05443,-0.298451,-0.26796,0.0,-0.05443,-0.298451,-0.328244
92:11,B,test,92,0.290909,0.367035,0,0.0,-0.016995,-0.033071,-0.033071,0.0,-0.016995,-0.033071,-0.033071
934:6,B,test,934,0.747059,0.0,1,0.0,0.0,-0.027823,-0.027824,0.0,0.0,-0.027823,0.089178
936:3,B,test,936,0.911765,0.179175,0,0.0,-0.0,0.127833,0.028844,0.0,1e-06,0.130785,0.080502
936:7,B,test,936,0.911765,0.452573,0,0.0,0.08866,0.085315,0.085644,0.0,0.077366,0.08956,0.079446
93:3,B,dev,93,0.747059,0.477023,0,0.0,-0.052013,-0.055787,0.159985,0.0,-0.052013,-0.055787,0.159985
940:2,B,dev,940,0.867925,0.393308,1,0.0,0.035264,0.0,0.141727,0.0,0.035264,0.0,0.141727
940:6,B,dev,940,0.867925,0.277299,1,0.0,0.201619,0.08261,0.175012,0.0,0.103498,0.122279,0.175012
940:9,B,dev,940,0.867925,0.254916,1,0.0,0.04624,0.086515,0.104424,0.0,0.04624,0.057676,0.104424
944:5,B,dev,944,0.747059,6e-06,1,0.0,-0.258337,-0.198341,-0.05672,0.0,-0.258337,0.138388,-0.05672
944:6,B,dev,944,0.747059,0.151351,0,0.0,0.125882,0.097038,0.097039,0.0,0.125882,0.085579,0.097039
945:11,B,test,945,0.747059,0.122461,0,0.0,0.092402,-0.178641,-0.236994,0.0,0.092402,-0.089321,-0.236994
945:9,B,test,945,0.747059,0.12246,0,0.0,0.10443,-0.16558,-0.156305,0.0,-0.017909,-0.161079,-0.304275
948:3,B,test,948,0.713043,0.404651,0,0.0,0.062171,-0.265415,-0.35195,0.0,0.062171,-0.265415,-0.35195
94:8,B,test,94,0.808081,0.393309,1,0.0,-0.023856,0.037373,0.06266,0.0,-0.023856,0.037373,0.06266
950:5,B,dev,950,0.12963,0.317572,1,0.0,-0.01791,-0.097328,-0.114881,0.0,-0.097327,-0.064886,-0.114881
951:7,B,test,951,0.555556,0.432453,1,0.0,-0.039616,-0.038437,-0.03238,0.0,-0.039616,-0.023865,-0.038495
954:8,B,test,954,0.789474,0.335483,0,0.0,0.003774,-0.004241,-0.009002,0.0,0.003774,-0.004241,-0.009002
955:6,B,dev,955,0.953846,0.462673,1,0.0,0.047215,0.055526,0.086359,0.0,0.047215,0.055526,0.086359
957:4,B,dev,957,0.578947,0.39331,1,0.0,0.082609,-0.003045,-0.329395,0.0,0.082609,0.068848,-0.329395
962:3,B,dev,962,0.808081,0.317576,0,0.0,-0.255395,0.172221,0.293232,0.0,0.062173,0.00423,0.477081
967:7,B,dev,967,0.26,1e-06,1,0.0,0.009241,0.057107,-0.073386,0.0,0.009241,0.129,-0.073386
969:3,B,dev,969,0.894737,0.03121,1,0.0,-0.14934,0.234555,0.195115,0.0,-0.168362,0.058994,0.086517
970:1,B,test,970,0.95,0.062175,1,0.0,-0.346719,-0.125944,-0.348644,0.0,-0.347144,-0.211863,-0.347144
970:6,B,test,970,0.95,0.062177,0,0.0,0.437563,0.435876,0.436792,0.0,0.352725,0.414769,0.342474
976:11,B,dev,976,0.875,0.205786,1,0.0,0.029793,0.101501,0.060282,0.0,0.029793,0.029793,0.060282
981:4,B,test,981,0.26,0.062175,1,0.0,0.086359,0.12315,0.012754,0.0,0.055526,0.072455,0.012754
981:9,B,test,981,0.26,0.49478,1,0.0,-0.0,-0.001325,-0.007076,0.0,-0.002667,0.006738,-0.007408
984:4,B,dev,984,0.386364,0.231057,0,0.0,-0.034104,-0.111671,-0.183844,0.0,-0.034104,-0.062949,-0.352726
985:8,B,dev,985,0.15,0.498299,0,0.0,-0.00059,-0.005425,-0.002683,0.0,-0.00059,-0.001562,-0.002683
986:1,B,dev,986,0.866952,0.493307,1,0.0,0.049901,0.025435,-0.072189,0.0,0.049901,0.025435,-0.072189
986:3,B,dev,986,0.866952,0.031212,1,0.0,0.267961,-0.004978,0.026609,0.0,0.026608,-0.04913,0.026609
986:6,B,dev,986,0.866952,0.487568,1,0.0,0.005978,0.030426,-0.169296,0.0,0.005978,-0.001649,-0.384418
986:7,B,dev,986,0.866952,0.477023,1,0.0,0.039144,-0.029066,-0.095122,0.0,-0.241953,0.077378,-0.870332
987:3,B,dev,987,0.903226,0.367036,0,0.0,-0.01613,-0.034129,-0.01613,0.0,-0.01613,-0.034129,-0.01613
98:1,B,dev,98,1.0,0.432453,1,0.0,-0.022384,0.044256,-0.246089,0.0,0.146842,-0.022384,0.040275
